Auction Date,Property Address,Final Judgment,Assessed Value,Plaintiff Max Bid,Case #,Parcel ID,Case Link,Parcel Link
07/06/2026 10:00 AM ET,"950 PASEO MORELLA WEST PALM BEACH, FL- 33405","$333,350.92",,Hidden,502022CA010679XXXXMB,74434333060070130,https://palmbeach.realforeclose.com//index.cfm?zaction=auction&zmethod=details&AID=502022CA010679XXXXMB&bypassPage=1,https://pcpao.gov/Parcel-Details/74434333060070130
07/06/2026 10:00 AM ET,"90 SOUTH BLVD 1D BOYNTON BEACH, FL- 33435","$56,506.92",,"$56,506.92",502024CA001636XXXAMB,08434533150900040,https://palmbeach.realforeclose.com//index.cfm?zaction=auction&zmethod=details&AID=502024CA001636XXXAMB&bypassPage=1,https://pcpao.gov/Parcel-Details/08434533150900040
07/06/2026 10:00 AM ET,"1127 E SEMINOLE AVE 22B JUPITER, FL- 33477","$507,156.93",,"$507,156.93",502024CA005511XXXAMB,30434105070000222,https://palmbeach.realforeclose.com//index.cfm?zaction=auction&zmethod=details&AID=502024CA005511XXXAMB&bypassPage=1,https://pcpao.gov/Parcel-Details/30434105070000222
07/06/2026 10:00 AM ET,"2441 VILLAGE BLVD 102 WEST PALM BEACH, FL- 33409","$246,114.07",,"$246,114.07",502025CA007842XXXAMB,74434307070181020,https://palmbeach.realforeclose.com//index.cfm?zaction=auction&zmethod=details&AID=502025CA007842XXXAMB&bypassPage=1,https://pcpao.gov/Parcel-Details/74434307070181020
07/06/2026 10:00 AM ET,"1006 SEMINOLE PALMS DR GREENACRES, FL- 33463","$210,662.54",,"$210,662.54",502025CA012415XXXAMB,18424427300000270,https://palmbeach.realforeclose.com//index.cfm?zaction=auction&zmethod=details&AID=502025CA012415XXXAMB&bypassPage=1,https://pcpao.gov/Parcel-Details/18424427300000270
07/07/2026 10:00 AM ET,"1331 PEBBLE RIDGE LN WEST PALM BEACH, FL- 33411","$67,722.02",,"$67,722.02",502025CA001688XXXAMB,00424407010000190,https://palmbeach.realforeclose.com//index.cfm?zaction=auction&zmethod=details&AID=502025CA001688XXXAMB&bypassPage=1,https://pcpao.gov/Parcel-Details/00424407010000190
07/07/2026 10:00 AM ET,"1754 PIERSIDE CIR WELLINGTON, FL- 33414","$15,840.23",,"$17,658.88",502025CA007679XXXAMB,73414410260000190,https://palmbeach.realforeclose.com//index.cfm?zaction=auction&zmethod=details&AID=502025CA007679XXXAMB&bypassPage=1,https://pcpao.gov/Parcel-Details/73414410260000190
07/07/2026 10:00 AM ET,"112 S ELM AVE PAHOKEE, FL- 33476","$120,282.47","$112,911.00",Hidden,502025CA012148XXXAMB,48374217040000080,https://palmbeach.realforeclose.com//index.cfm?zaction=auction&zmethod=details&AID=502025CA012148XXXAMB&bypassPage=1,https://pcpao.gov/Parcel-Details/48374217040000080
07/08/2026 10:00 AM ET,"934 PASEO CASTALLA WEST PALM BEACH, FL- 33405","$357,353.34",,"$357,353.34",502024CA006899XXXAMB,74434333060050071,https://palmbeach.realforeclose.com//index.cfm?zaction=auction&zmethod=details&AID=502024CA006899XXXAMB&bypassPage=1,https://pcpao.gov/Parcel-Details/74434333060050071
07/08/2026 10:00 AM ET,"127 W BLUE HERON BLVD RIVIERA BEACH, FL- 33404","$1,388,895.72",,"$1,388,895.72",502025CA000927XXXAMB,56434228140090150,https://palmbeach.realforeclose.com//index.cfm?zaction=auction&zmethod=details&AID=502025CA000927XXXAMB&bypassPage=1,https://pcpao.gov/Parcel-Details/56434228140090150
07/08/2026 10:00 AM ET,"1820 NEW PALM WAY 405 BOYNTON BEACH, FL- 33435","$11,716.01",,"$14,936.12",502025CA006843XXXAMB,Property,https://palmbeach.realforeclose.com//index.cfm?zaction=auction&zmethod=details&AID=502025CA006843XXXAMB&bypassPage=1,https://pcpao.gov/Parcel-Details/Property
07/09/2026 10:00 AM ET,"3664 ALDER DR F1 WEST PALM BEACH, FL- 33417","$250,630.97",,"$250,630.97",502025CA001709XXXAMB,00424313121230061,https://palmbeach.realforeclose.com//index.cfm?zaction=auction&zmethod=details&AID=502025CA001709XXXAMB&bypassPage=1,https://pcpao.gov/Parcel-Details/00424313121230061
07/09/2026 10:00 AM ET,"2820 TENNIS CLUB DR 205 WEST PALM BEACH, FL- 33417","$27,226.32",,"$27,226.32",502025CA002811XXXAMB,00424324160012080,https://palmbeach.realforeclose.com//index.cfm?zaction=auction&zmethod=details&AID=502025CA002811XXXAMB&bypassPage=1,https://pcpao.gov/Parcel-Details/00424324160012080
07/09/2026 10:00 AM ET,"207 ANHINGA LN JUPITER, FL- 33458","$89,502.30",,"$89,261.70",502025CA005722XXXAMB,30424115020000130,https://palmbeach.realforeclose.com//index.cfm?zaction=auction&zmethod=details&AID=502025CA005722XXXAMB&bypassPage=1,https://pcpao.gov/Parcel-Details/30424115020000130
07/09/2026 10:00 AM ET,"3997 ISLAND CLUB DR LAKE WORTH, FL- 33462","$297,029.17",,"$297,029.17",502025CA008552XXXAMB,00434439020000390,https://palmbeach.realforeclose.com//index.cfm?zaction=auction&zmethod=details&AID=502025CA008552XXXAMB&bypassPage=1,https://pcpao.gov/Parcel-Details/00434439020000390
07/13/2026 10:00 AM ET,"12525 51ST CT N WEST PALM BEACH, FL- 33411","$329,862.67",,Hidden,502022CA006552XXXXMB,00414303000007830,https://palmbeach.realforeclose.com//index.cfm?zaction=auction&zmethod=details&AID=502022CA006552XXXXMB&bypassPage=1,https://pcpao.gov/Parcel-Details/00414303000007830
07/13/2026 10:00 AM ET,"214 EVERGRENE PKWY PALM BEACH GARDENS, FL- 33410","$476,249.70",,"$476,249.70",502023CA013986XXXAMB,52424136050190030,https://palmbeach.realforeclose.com//index.cfm?zaction=auction&zmethod=details&AID=502023CA013986XXXAMB&bypassPage=1,https://pcpao.gov/Parcel-Details/52424136050190030
07/13/2026 10:00 AM ET,"1459 42ND ST WEST PALM BEACH, FL- 33407","$77,610.87",,"$77,610.87",502025CA001700XXXAMB,74434305010120070,https://palmbeach.realforeclose.com//index.cfm?zaction=auction&zmethod=details&AID=502025CA001700XXXAMB&bypassPage=1,https://pcpao.gov/Parcel-Details/74434305010120070
07/13/2026 10:00 AM ET,"169 SEVILLE H DELRAY BEACH, FL- 33446","$191,980.68",,"$191,980.68",502025CA007181XXXAMB,00424622030081690,https://palmbeach.realforeclose.com//index.cfm?zaction=auction&zmethod=details&AID=502025CA007181XXXAMB&bypassPage=1,https://pcpao.gov/Parcel-Details/00424622030081690
07/13/2026 10:00 AM ET,"229 MONACO E DELRAY BEACH, FL- 33446","$167,772.80",,"$167,772.80",502025CA007181XXXAMB,00424622080052290,https://palmbeach.realforeclose.com//index.cfm?zaction=auction&zmethod=details&AID=502025CA007181XXXAMB&bypassPage=1,https://pcpao.gov/Parcel-Details/00424622080052290
07/13/2026 10:00 AM ET,"625 FLANDERS N DELRAY BEACH, FL- 33484","$157,472.43",,"$157,472.43",502025CA007181XXXAMB,00424622100146250,https://palmbeach.realforeclose.com//index.cfm?zaction=auction&zmethod=details&AID=502025CA007181XXXAMB&bypassPage=1,https://pcpao.gov/Parcel-Details/00424622100146250
07/13/2026 10:00 AM ET,"7566 LAKE PLACID CT LAKE WORTH, FL- 33467","$262,273.78",,"$262,273.78",502025CA008080XXXAMB,00424509120001110,https://palmbeach.realforeclose.com//index.cfm?zaction=auction&zmethod=details&AID=502025CA008080XXXAMB&bypassPage=1,https://pcpao.gov/Parcel-Details/00424509120001110
07/13/2026 10:00 AM ET,"250 NW 39TH ST BOCA RATON, FL- 33431","$259,117.26",,"$259,117.26",502025CA011335XXXAMB,06434708020000040,https://palmbeach.realforeclose.com//index.cfm?zaction=auction&zmethod=details&AID=502025CA011335XXXAMB&bypassPage=1,https://pcpao.gov/Parcel-Details/06434708020000040
07/13/2026 10:00 AM ET,"4340 LILAC STREET # A PALM BEACH GARDENS, FL- 33410","$23,617.03",,"$23,617.03",502025CC014823XXXASB,Property,https://palmbeach.realforeclose.com//index.cfm?zaction=auction&zmethod=details&AID=502025CC014823XXXASB&bypassPage=1,https://pcpao.gov/Parcel-Details/Property
07/14/2026 10:00 AM ET,"14772 ORANGE BLVD LOXAHATCHEE, FL- 33470","$689,258.82",,"$689,258.82",502023CA000502XXXXMB,00414232000003080,https://palmbeach.realforeclose.com//index.cfm?zaction=auction&zmethod=details&AID=502023CA000502XXXXMB&bypassPage=1,https://pcpao.gov/Parcel-Details/00414232000003080
07/15/2026 10:00 AM ET,"638 SHORE DR BOYNTON BEACH, FL- 33435","$525,922.67",,"$525,922.67",502025CA002930XXXAMB,08434522060000610,https://palmbeach.realforeclose.com//index.cfm?zaction=auction&zmethod=details&AID=502025CA002930XXXAMB&bypassPage=1,https://pcpao.gov/Parcel-Details/08434522060000610
07/15/2026 10:00 AM ET,"3316 33RD WAY WEST PALM BEACH, FL- 33407","$233,768.27",,"$233,768.27",502025CA007710XXXAMB,74424301090001594,https://palmbeach.realforeclose.com//index.cfm?zaction=auction&zmethod=details&AID=502025CA007710XXXAMB&bypassPage=1,https://pcpao.gov/Parcel-Details/74424301090001594
07/15/2026 10:00 AM ET,"918 TURNER RD DELRAY BEACH, FL- 33483","$801,886.91",,"$801,886.91",502025CA008015XXXAMB,00434604180000790,https://palmbeach.realforeclose.com//index.cfm?zaction=auction&zmethod=details&AID=502025CA008015XXXAMB&bypassPage=1,https://pcpao.gov/Parcel-Details/00434604180000790
07/15/2026 10:00 AM ET,"210 TUSCANY D DELRAY BEACH, FL- 33446","$102,571.97",,"$102,571.97",502025CA008767XXXAMB,00424622050032100,https://palmbeach.realforeclose.com//index.cfm?zaction=auction&zmethod=details&AID=502025CA008767XXXAMB&bypassPage=1,https://pcpao.gov/Parcel-Details/00424622050032100
07/15/2026 10:00 AM ET,"10960 STAFFORD CIR S BOYNTON BEACH, FL- 33436","$14,135.77",,"$14,135.77",502025CA008794XXXAMB,00424525110001040,https://palmbeach.realforeclose.com//index.cfm?zaction=auction&zmethod=details&AID=502025CA008794XXXAMB&bypassPage=1,https://pcpao.gov/Parcel-Details/00424525110001040
07/15/2026 10:00 AM ET,"14596 BELMONT TRCE WELLINGTON, FL- 33414","$5,329,240.26",,"$5,329,240.26",502025CA009605XXXAMB,73414417010720010,https://palmbeach.realforeclose.com//index.cfm?zaction=auction&zmethod=details&AID=502025CA009605XXXAMB&bypassPage=1,https://pcpao.gov/Parcel-Details/73414417010720010
07/15/2026 10:00 AM ET,"18721 SCHOONER DR BOCA RATON, FL- 33496","$347,684.49",,"$347,684.49",502025CA010220XXXAMB,00424705070160030,https://palmbeach.realforeclose.com//index.cfm?zaction=auction&zmethod=details&AID=502025CA010220XXXAMB&bypassPage=1,https://pcpao.gov/Parcel-Details/00424705070160030
07/15/2026 10:00 AM ET,"4075 PALM BAY CIR B WEST PALM BEACH, FL- 33406","$231,645.69",,"$231,645.69",502025CA010901XXXAMB,00424401210000192,https://palmbeach.realforeclose.com//index.cfm?zaction=auction&zmethod=details&AID=502025CA010901XXXAMB&bypassPage=1,https://pcpao.gov/Parcel-Details/00424401210000192
07/15/2026 10:00 AM ET,"334 DORSET H BOCA RATON, FL- 33434","$13,964.26",,"$13,964.26",502025CA011614XXXAMB,00424708080083340,https://palmbeach.realforeclose.com//index.cfm?zaction=auction&zmethod=details&AID=502025CA011614XXXAMB&bypassPage=1,https://pcpao.gov/Parcel-Details/00424708080083340
07/15/2026 10:00 AM ET,"5842 LA GORCE CIR LAKE WORTH, FL- 33463","$599,208.93",,"$599,208.93",502025CA013065XXXAMB,00424502070000350,https://palmbeach.realforeclose.com//index.cfm?zaction=auction&zmethod=details&AID=502025CA013065XXXAMB&bypassPage=1,https://pcpao.gov/Parcel-Details/00424502070000350
07/16/2026 10:00 AM ET,"114 SEACREST CT BOYNTON BEACH, FL- 33435","$271,107.56",,"$271,107.56",502023CA002098XXXXMB,08434521030120090,https://palmbeach.realforeclose.com//index.cfm?zaction=auction&zmethod=details&AID=502023CA002098XXXXMB&bypassPage=1,https://pcpao.gov/Parcel-Details/08434521030120090
07/16/2026 10:00 AM ET,"1773 OCALA RD NORTH PALM BEACH, FL- 33408","$521,917.33",,"$521,917.33",502025CA005911XXXAMB,00434132070001100,https://palmbeach.realforeclose.com//index.cfm?zaction=auction&zmethod=details&AID=502025CA005911XXXAMB&bypassPage=1,https://pcpao.gov/Parcel-Details/00434132070001100
07/20/2026 10:00 AM ET,"4804 WATERVIEW CIR PALM SPRINGS, FL- 33461","$249,110.43","$255,294.00","$249,110.43",502023CA014855XXXAMB,70434419240000484,https://palmbeach.realforeclose.com//index.cfm?zaction=auction&zmethod=details&AID=502023CA014855XXXAMB&bypassPage=1,https://pcpao.gov/Parcel-Details/70434419240000484
07/20/2026 10:00 AM ET,"1408 LAKE BASS DRIVE LAKE WORTH, FL- 33461","$295,863.53",,"$295,863.53",502024CA001029XXXAMB,Property,https://palmbeach.realforeclose.com//index.cfm?zaction=auction&zmethod=details&AID=502024CA001029XXXAMB&bypassPage=1,https://pcpao.gov/Parcel-Details/Property
07/20/2026 10:00 AM ET,"302 FORDHAM DR LAKE WORTH BEACH, FL- 33460","$1,161,529.74",,"$1,161,529.74",502024CA003826XXXAMB,38434415060062990,https://palmbeach.realforeclose.com//index.cfm?zaction=auction&zmethod=details&AID=502024CA003826XXXAMB&bypassPage=1,https://pcpao.gov/Parcel-Details/38434415060062990
07/20/2026 10:00 AM ET,"647 EDGEBROOK LN WEST PALM BEACH, FL- 33411","$1,283,164.92",,"$1,283,164.92",502025CA000736XXXAMB,00424405080000780,https://palmbeach.realforeclose.com//index.cfm?zaction=auction&zmethod=details&AID=502025CA000736XXXAMB&bypassPage=1,https://pcpao.gov/Parcel-Details/00424405080000780
07/20/2026 10:00 AM ET,"12373 EQUINE LN WELLINGTON, FL- 33414","$716,876.00",,"$716,876.00",502025CA001613XXXAMB,73414422010000840,https://palmbeach.realforeclose.com//index.cfm?zaction=auction&zmethod=details&AID=502025CA001613XXXAMB&bypassPage=1,https://pcpao.gov/Parcel-Details/73414422010000840
07/20/2026 10:00 AM ET,"158 ALCAZAR ST ROYAL PALM BEACH, FL- 33411","$478,435.53",,"$478,435.53",502025CA004796XXXAMB,72414314030040380,https://palmbeach.realforeclose.com//index.cfm?zaction=auction&zmethod=details&AID=502025CA004796XXXAMB&bypassPage=1,https://pcpao.gov/Parcel-Details/72414314030040380
07/20/2026 10:00 AM ET,"1630 EMBASSY DR 204 WEST PALM BEACH, FL- 33401","$9,900.46",,"$9,900.46",502025CA005012XXXAMB,74434317160002040,https://palmbeach.realforeclose.com//index.cfm?zaction=auction&zmethod=details&AID=502025CA005012XXXAMB&bypassPage=1,https://pcpao.gov/Parcel-Details/74434317160002040
07/20/2026 10:00 AM ET,"857 WANDERING WILLOW WAY LOXAHATCHEE, FL- 33470","$795,299.59",,"$795,299.59",502025CA007102XXXAMB,00404328020002780,https://palmbeach.realforeclose.com//index.cfm?zaction=auction&zmethod=details&AID=502025CA007102XXXAMB&bypassPage=1,https://pcpao.gov/Parcel-Details/00404328020002780
07/20/2026 10:00 AM ET,"6486 BRAVA WAY BOCA RATON, FL- 33433","$325,897.97",,"$325,897.97",502025CA011154XXXAMB,00424734220000120,https://palmbeach.realforeclose.com//index.cfm?zaction=auction&zmethod=details&AID=502025CA011154XXXAMB&bypassPage=1,https://pcpao.gov/Parcel-Details/00424734220000120
07/20/2026 10:00 AM ET,"16198 SEA TURTLE PL WESTLAKE, FL- 33470","$684,862.74",,"$684,862.74",502025CA013104XXXAMB,77404312140001660,https://palmbeach.realforeclose.com//index.cfm?zaction=auction&zmethod=details&AID=502025CA013104XXXAMB&bypassPage=1,https://pcpao.gov/Parcel-Details/77404312140001660
07/21/2026 10:00 AM ET,"1135 22ND ST WEST PALM BEACH, FL- 33407","$233,146.10",,"$233,146.10",502025CA011381XXXAMB,Property,https://palmbeach.realforeclose.com//index.cfm?zaction=auction&zmethod=details&AID=502025CA011381XXXAMB&bypassPage=1,https://pcpao.gov/Parcel-Details/Property
07/22/2026 10:00 AM ET,"7791 BRIDLINGTON DR BOYNTON BEACH, FL- 33472","$30,250.79",,Hidden,502025CA004575XXXAMB,00424516070000650,https://palmbeach.realforeclose.com//index.cfm?zaction=auction&zmethod=details&AID=502025CA004575XXXAMB&bypassPage=1,https://pcpao.gov/Parcel-Details/00424516070000650
07/22/2026 10:00 AM ET,"9769 BOZZANO DR DELRAY BEACH, FL- 33446","$2,007,388.30",,"$2,007,388.30",502025CA004718XXXAMB,00424630110005840,https://palmbeach.realforeclose.com//index.cfm?zaction=auction&zmethod=details&AID=502025CA004718XXXAMB&bypassPage=1,https://pcpao.gov/Parcel-Details/00424630110005840
07/22/2026 10:00 AM ET,"608 SE 2ND AVE DELRAY BEACH, FL- 33483","$751,576.32",,"$751,576.32",502025CA009871XXXAMB,12434621010070390,https://palmbeach.realforeclose.com//index.cfm?zaction=auction&zmethod=details&AID=502025CA009871XXXAMB&bypassPage=1,https://pcpao.gov/Parcel-Details/12434621010070390
07/22/2026 10:00 AM ET,"6198 RIVERWALK LN 1 JUPITER, FL- 33458","$69,388.67",,"$69,388.67",502025CA010811XXXAMB,30424103200430010,https://palmbeach.realforeclose.com//index.cfm?zaction=auction&zmethod=details&AID=502025CA010811XXXAMB&bypassPage=1,https://pcpao.gov/Parcel-Details/30424103200430010
07/22/2026 10:00 AM ET,"247 PIEDMONT F DELRAY BEACH, FL- 33484","$23,849.64",,"$23,849.64",502025CC016313XXXAMB,00424622170062470,https://palmbeach.realforeclose.com//index.cfm?zaction=auction&zmethod=details&AID=502025CC016313XXXAMB&bypassPage=1,https://pcpao.gov/Parcel-Details/00424622170062470
07/22/2026 10:00 AM ET,"687 NORMANDY O DELRAY BEACH, FL- 33484","$20,180.70",,"$20,180.70",502025CC017748XXXAMB,00424622130156870,https://palmbeach.realforeclose.com//index.cfm?zaction=auction&zmethod=details&AID=502025CC017748XXXAMB&bypassPage=1,https://pcpao.gov/Parcel-Details/00424622130156870
07/22/2026 10:00 AM ET,"455 FLANDERS J DELRAY BEACH, FL- 33484","$24,270.25",,"$24,270.25",502026CC000292XXXAMB,00424622100104550,https://palmbeach.realforeclose.com//index.cfm?zaction=auction&zmethod=details&AID=502026CC000292XXXAMB&bypassPage=1,https://pcpao.gov/Parcel-Details/00424622100104550
07/23/2026 10:00 AM ET,"6461 NW 2ND AVE 4110 BOCA RATON, FL- 33487","$186,804.08",,"$186,804.08",502025CA004084XXXAMB,06434705140004110,https://palmbeach.realforeclose.com//index.cfm?zaction=auction&zmethod=details&AID=502025CA004084XXXAMB&bypassPage=1,https://pcpao.gov/Parcel-Details/06434705140004110
07/23/2026 10:00 AM ET,"10150 YEOMAN LN ROYAL PALM BEACH, FL- 33411","$151,207.01",,"$151,207.01",502025CA008521XXXAMB,72414325060004950,https://palmbeach.realforeclose.com//index.cfm?zaction=auction&zmethod=details&AID=502025CA008521XXXAMB&bypassPage=1,https://pcpao.gov/Parcel-Details/72414325060004950
07/23/2026 10:00 AM ET,"150 VALENCIA G DELRAY BEACH, FL- 33446","$1,515,782.24",,"$27,589.79",502025CA012530XXXAMB,MULTIPLE,https://palmbeach.realforeclose.com//index.cfm?zaction=auction&zmethod=details&AID=502025CA012530XXXAMB&bypassPage=1,https://pcpao.gov/Parcel-Details/MULTIPLE
07/24/2026 10:00 AM ET,"6624 SWEET MAPLE LN BOCA RATON, FL- 33433","$615,865.43",,"$615,865.43",502024CA005614XXXAMB,06424722120010840,https://palmbeach.realforeclose.com//index.cfm?zaction=auction&zmethod=details&AID=502024CA005614XXXAMB&bypassPage=1,https://pcpao.gov/Parcel-Details/06424722120010840
07/24/2026 10:00 AM ET,"1015 GREEN PINE BLVD F1 WEST PALM BEACH, FL- 33409","$20,340.65",,"$20,340.65",502025CC020000XXXAMB,74424313080150061,https://palmbeach.realforeclose.com//index.cfm?zaction=auction&zmethod=details&AID=502025CC020000XXXAMB&bypassPage=1,https://pcpao.gov/Parcel-Details/74424313080150061
07/27/2026 10:00 AM ET,"1701 S FLAGLER DR 404 WEST PALM BEACH, FL- 33401","$73,674.36",,"$73,674.36",502024CA004009XXXAMB,74434327400004040,https://palmbeach.realforeclose.com//index.cfm?zaction=auction&zmethod=details&AID=502024CA004009XXXAMB&bypassPage=1,https://pcpao.gov/Parcel-Details/74434327400004040
07/27/2026 10:00 AM ET,"6624 SWEET MAPLE LN BOCA RATON, FL- 33433","$615,865.43","$616,838.00","$615,865.43",502024CA005614XXXAMB,06424722120010840,https://palmbeach.realforeclose.com//index.cfm?zaction=auction&zmethod=details&AID=502024CA005614XXXAMB&bypassPage=1,https://pcpao.gov/Parcel-Details/06424722120010840
07/27/2026 10:00 AM ET,"506 W 1ST ST RIVIERA BEACH, FL- 33404","$244,646.71",,"$244,646.71",502024CA007243XXXAMB,56434233110002110,https://palmbeach.realforeclose.com//index.cfm?zaction=auction&zmethod=details&AID=502024CA007243XXXAMB&bypassPage=1,https://pcpao.gov/Parcel-Details/56434233110002110
07/27/2026 10:00 AM ET,"93 SAXONY B DELRAY BEACH, FL- 33446","$35,603.95",,"$35,603.95",502025CA000480XXXAMB,00424622090020930,https://palmbeach.realforeclose.com//index.cfm?zaction=auction&zmethod=details&AID=502025CA000480XXXAMB&bypassPage=1,https://pcpao.gov/Parcel-Details/00424622090020930
07/27/2026 10:00 AM ET,"17194 BRULEE BREEZE WAY BOCA RATON, FL- 33496","$4,842,336.72",,"$4,842,336.72",502025CA005312XXXAMB,00424631130002600,https://palmbeach.realforeclose.com//index.cfm?zaction=auction&zmethod=details&AID=502025CA005312XXXAMB&bypassPage=1,https://pcpao.gov/Parcel-Details/00424631130002600
07/27/2026 10:00 AM ET,"7830 STIRLING BRIDGE BLVD S DELRAY BEACH, FL- 33446","$17,403.61",,"$17,403.61",502025CA005319XXXAMB,00424616190001090,https://palmbeach.realforeclose.com//index.cfm?zaction=auction&zmethod=details&AID=502025CA005319XXXAMB&bypassPage=1,https://pcpao.gov/Parcel-Details/00424616190001090
07/27/2026 10:00 AM ET,"6084 WHALTON ST WEST PALM BEACH, FL- 33411","$482,046.74",,"$482,046.74",502025CA006589XXXAMB,74424315110002500,https://palmbeach.realforeclose.com//index.cfm?zaction=auction&zmethod=details&AID=502025CA006589XXXAMB&bypassPage=1,https://pcpao.gov/Parcel-Details/74424315110002500
07/27/2026 10:00 AM ET,"2636 NASSAU RD WEST PALM BEACH, FL- 33406","$14,001.45",,"$312,706.95",502025CA007351XXXAMB,TIMESHARE,https://palmbeach.realforeclose.com//index.cfm?zaction=auction&zmethod=details&AID=502025CA007351XXXAMB&bypassPage=1,https://pcpao.gov/Parcel-Details/TIMESHARE
07/27/2026 10:00 AM ET,"2300 SW 19TH AVE BOYNTON BEACH, FL- 33426","$151,086.86",,"$151,086.86",502025CA009472XXXAMB,08434532041110030,https://palmbeach.realforeclose.com//index.cfm?zaction=auction&zmethod=details&AID=502025CA009472XXXAMB&bypassPage=1,https://pcpao.gov/Parcel-Details/08434532041110030
07/28/2026 10:00 AM ET,"521 FRANKLIN RD WEST PALM BEACH, FL- 33405","$41,010.40","$307,400.00","$41,010.40",502024CC017325XXXAMB,74434404040170150,https://palmbeach.realforeclose.com//index.cfm?zaction=auction&zmethod=details&AID=502024CC017325XXXAMB&bypassPage=1,https://pcpao.gov/Parcel-Details/74434404040170150
07/28/2026 10:00 AM ET,"3127 FERNWOOD DR BOYNTON BEACH, FL- 33435","$1,269,403.02",,"$1,269,403.02",502025CA001696XXXAMB,08434605010090150,https://palmbeach.realforeclose.com//index.cfm?zaction=auction&zmethod=details&AID=502025CA001696XXXAMB&bypassPage=1,https://pcpao.gov/Parcel-Details/08434605010090150
07/28/2026 10:00 AM ET,"45 ATWELL DR WEST PALM BEACH, FL- 33411",$0.00,,$0.00,502025CA007306XXXAMB,00424405110000570,https://palmbeach.realforeclose.com//index.cfm?zaction=auction&zmethod=details&AID=502025CA007306XXXAMB&bypassPage=1,https://pcpao.gov/Parcel-Details/00424405110000570
07/28/2026 10:00 AM ET,"516 OSPREY DR 15-A DELRAY BEACH, FL- 33444","$100,035.07",,"$100,035.07",502025CA011098XXXAMB,12434629130030151,https://palmbeach.realforeclose.com//index.cfm?zaction=auction&zmethod=details&AID=502025CA011098XXXAMB&bypassPage=1,https://pcpao.gov/Parcel-Details/12434629130030151
07/29/2026 10:00 AM ET,"2591 PALM RD WEST PALM BEACH, FL- 33406","$280,137.62",,"$280,137.62",502023CA010062XXXXMB,00434417010020170,https://palmbeach.realforeclose.com//index.cfm?zaction=auction&zmethod=details&AID=502023CA010062XXXXMB&bypassPage=1,https://pcpao.gov/Parcel-Details/00434417010020170
07/29/2026 10:00 AM ET,"2771 ASHLEY DR E J WEST PALM BEACH, FL- 33415","$77,367.37","$98,182.00","$77,367.37",502025CA012021XXXAMB,00424413150020100,https://palmbeach.realforeclose.com//index.cfm?zaction=auction&zmethod=details&AID=502025CA012021XXXAMB&bypassPage=1,https://pcpao.gov/Parcel-Details/00424413150020100
07/30/2026 10:00 AM ET,"6935 DEARBORN PL BOYNTON BEACH, FL- 33437","$183,070.80",,"$183,070.80",502025CA008285XXXAMB,00424522010001970,https://palmbeach.realforeclose.com//index.cfm?zaction=auction&zmethod=details&AID=502025CA008285XXXAMB&bypassPage=1,https://pcpao.gov/Parcel-Details/00424522010001970
07/30/2026 10:00 AM ET,"945 NW 29TH AVE C DELRAY BEACH, FL- 33445","$14,871.87",,"$14,871.87",502025CC004359XXXAMB,12434607040340030,https://palmbeach.realforeclose.com//index.cfm?zaction=auction&zmethod=details&AID=502025CC004359XXXAMB&bypassPage=1,https://pcpao.gov/Parcel-Details/12434607040340030
07/30/2026 10:00 AM ET,"4521 CHALLENGER WAY 72 WEST PALM BEACH, FL- 33417","$10,088.64",,"$10,088.64",502026CA000447XXXAMB,00424312150000720,https://palmbeach.realforeclose.com//index.cfm?zaction=auction&zmethod=details&AID=502026CA000447XXXAMB&bypassPage=1,https://pcpao.gov/Parcel-Details/00424312150000720
08/03/2026 10:00 AM ET,"8528 SERENA CREEK AVE BOYNTON BEACH, FL- 33473","$346,998.90",,"$346,998.90",502019CA007769XXXXMB,00424529120002250,https://palmbeach.realforeclose.com//index.cfm?zaction=auction&zmethod=details&AID=502019CA007769XXXXMB&bypassPage=1,https://pcpao.gov/Parcel-Details/00424529120002250
08/03/2026 10:00 AM ET,"22035 SW 58TH AVE BOCA RATON, FL- 33428","$301,908.75",,"$301,908.75",502024CA002272XXXAMB,00424730060220490,https://palmbeach.realforeclose.com//index.cfm?zaction=auction&zmethod=details&AID=502024CA002272XXXAMB&bypassPage=1,https://pcpao.gov/Parcel-Details/00424730060220490
08/03/2026 10:00 AM ET,"950 EGRET CIR 5507 DELRAY BEACH, FL- 33444","$27,810.56",,"$27,810.56",502024CA009270XXXAMB,12434629160055507,https://palmbeach.realforeclose.com//index.cfm?zaction=auction&zmethod=details&AID=502024CA009270XXXAMB&bypassPage=1,https://pcpao.gov/Parcel-Details/12434629160055507
08/03/2026 10:00 AM ET,"17029 TETON RIVER RD BOCA RATON, FL- 33496","$1,690,708.03",,"$1,690,708.03",502024CA011242XXXAMB,00424632100007590,https://palmbeach.realforeclose.com//index.cfm?zaction=auction&zmethod=details&AID=502024CA011242XXXAMB&bypassPage=1,https://pcpao.gov/Parcel-Details/00424632100007590
08/03/2026 10:00 AM ET,"4490 ISLAND REEF DR WELLINGTON, FL- 33449","$18,415.59",,"$18,415.59",502024CC011528XXXAMB,73414426050001610,https://palmbeach.realforeclose.com//index.cfm?zaction=auction&zmethod=details&AID=502024CC011528XXXAMB&bypassPage=1,https://pcpao.gov/Parcel-Details/73414426050001610
08/03/2026 10:00 AM ET,"14717 WILDFLOWER LN DELRAY BEACH, FL- 33446","$21,901.14",,"$124,833.29",502025CA004914XXXAMB,Property,https://palmbeach.realforeclose.com//index.cfm?zaction=auction&zmethod=details&AID=502025CA004914XXXAMB&bypassPage=1,https://pcpao.gov/Parcel-Details/Property
08/03/2026 10:00 AM ET,"90 SOUTH BLVD 1D BOYNTON BEACH, FL- 33435","$686,092.92",,"$75,404.09",502025CA006968XXXAMB,Property,https://palmbeach.realforeclose.com//index.cfm?zaction=auction&zmethod=details&AID=502025CA006968XXXAMB&bypassPage=1,https://pcpao.gov/Parcel-Details/Property
08/03/2026 10:00 AM ET,"5373 GENE CIR WEST PALM BEACH, FL- 33415","$229,110.38",,"$229,110.38",502025CA010656XXXAMB,00424411210000911,https://palmbeach.realforeclose.com//index.cfm?zaction=auction&zmethod=details&AID=502025CA010656XXXAMB&bypassPage=1,https://pcpao.gov/Parcel-Details/00424411210000911
08/04/2026 10:00 AM ET,"14813 DRAFT HORSE LN WELLINGTON, FL- 33414","$3,025,000.00",,"$3,025,000.00",502023CA016824XXXAMB,73414408010350010,https://palmbeach.realforeclose.com//index.cfm?zaction=auction&zmethod=details&AID=502023CA016824XXXAMB&bypassPage=1,https://pcpao.gov/Parcel-Details/73414408010350010
08/04/2026 10:00 AM ET,"4969 MESSANA TER LAKE WORTH, FL- 33463","$291,584.97",,"$291,584.97",502024CA008156XXXAMB,00424501030001350,https://palmbeach.realforeclose.com//index.cfm?zaction=auction&zmethod=details&AID=502024CA008156XXXAMB&bypassPage=1,https://pcpao.gov/Parcel-Details/00424501030001350
08/04/2026 10:00 AM ET,"421 N C ST LAKE WORTH, FL- 33460","$222,265.13",,"$222,265.13",502025CA010357XXXAMB,38434421151300110,https://palmbeach.realforeclose.com//index.cfm?zaction=auction&zmethod=details&AID=502025CA010357XXXAMB&bypassPage=1,https://pcpao.gov/Parcel-Details/38434421151300110
08/04/2026 10:00 AM ET,"318 SW 9TH ST DELRAY BEACH, FL- 33444","$122,195.44",,"$122,195.44",502025CA012169XXXAMB,12434620090020020,https://palmbeach.realforeclose.com//index.cfm?zaction=auction&zmethod=details&AID=502025CA012169XXXAMB&bypassPage=1,https://pcpao.gov/Parcel-Details/12434620090020020
08/04/2026 10:00 AM ET,"6162 BAY ISLES DR BOYNTON BEACH, FL- 33437","$13,917.41",,"$13,917.41",502025CC014766XXXAMB,00424603020001090,https://palmbeach.realforeclose.com//index.cfm?zaction=auction&zmethod=details&AID=502025CC014766XXXAMB&bypassPage=1,https://pcpao.gov/Parcel-Details/00424603020001090
08/04/2026 10:00 AM ET,"3001 LINTON BLVD # C-105 DELRAY BEACH, FL- 33445","$13,381.25",,"$13,381.25",502026CA000664XXXAMB,Property,https://palmbeach.realforeclose.com//index.cfm?zaction=auction&zmethod=details&AID=502026CA000664XXXAMB&bypassPage=1,https://pcpao.gov/Parcel-Details/Property
08/06/2026 10:00 AM ET,"3950 FIELDVIEW WAY WELLINGTON, FL- 33414","$2,221,772.34",,"$2,221,772.34",502025CA003741XXXAMB,73414421040000510,https://palmbeach.realforeclose.com//index.cfm?zaction=auction&zmethod=details&AID=502025CA003741XXXAMB&bypassPage=1,https://pcpao.gov/Parcel-Details/73414421040000510
08/06/2026 10:00 AM ET,"1261 W 3RD ST RIVIERA BEACH, FL- 33404","$54,454.12",,"$54,454.12",502025CA005726XXXAMB,56434232090007160,https://palmbeach.realforeclose.com//index.cfm?zaction=auction&zmethod=details&AID=502025CA005726XXXAMB&bypassPage=1,https://pcpao.gov/Parcel-Details/56434232090007160
08/06/2026 10:00 AM ET,"18020 46TH COURT NORTH LOXAHATCHEE, FL- 33470","$331,131.02",,"$331,131.02",502025CA008442XXXAMB,Property,https://palmbeach.realforeclose.com//index.cfm?zaction=auction&zmethod=details&AID=502025CA008442XXXAMB&bypassPage=1,https://pcpao.gov/Parcel-Details/Property
08/06/2026 10:00 AM ET,"17269 71ST LN N LOXAHATCHEE, FL- 33470","$641,913.48",,"$641,913.48",502025CA010694XXXAMB,00404226000005610,https://palmbeach.realforeclose.com//index.cfm?zaction=auction&zmethod=details&AID=502025CA010694XXXAMB&bypassPage=1,https://pcpao.gov/Parcel-Details/00404226000005610
08/10/2026 10:00 AM ET,"8208 SAVARA STREAMS LN BOYNTON BEACH, FL- 33473","$613,150.15",,"$613,150.15",502017CA004150XXXXMB,00424529130003240,https://palmbeach.realforeclose.com//index.cfm?zaction=auction&zmethod=details&AID=502017CA004150XXXXMB&bypassPage=1,https://pcpao.gov/Parcel-Details/00424529130003240
08/10/2026 10:00 AM ET,"10075 BOYNTON PLACE CIR BOYNTON BEACH, FL- 33437","$159,957.39",,"$159,957.39",502021CA012214XXXXMB,00424526250000740,https://palmbeach.realforeclose.com//index.cfm?zaction=auction&zmethod=details&AID=502021CA012214XXXXMB&bypassPage=1,https://pcpao.gov/Parcel-Details/00424526250000740
08/10/2026 10:00 AM ET,"7401 MALLORCA CRESCENT BOCA RATON, FL- 33433","$640,407.93",,"$640,407.93",502023CA011559XXXXMB,Property,https://palmbeach.realforeclose.com//index.cfm?zaction=auction&zmethod=details&AID=502023CA011559XXXXMB&bypassPage=1,https://pcpao.gov/Parcel-Details/Property
08/10/2026 10:00 AM ET,"260 GAZETTA WAY WEST PALM BEACH, FL- 33413","$39,005.00",,"$542,892.73",502024CC010024XXXAMB,MULTIPLE,https://palmbeach.realforeclose.com//index.cfm?zaction=auction&zmethod=details&AID=502024CC010024XXXAMB&bypassPage=1,https://pcpao.gov/Parcel-Details/MULTIPLE
08/10/2026 10:00 AM ET,"902 S SEACREST BLVD BOYNTON BEACH, FL- 33435","$687,541.07",,"$687,541.07",502025CA003333XXXAMB,08434528120200110,https://palmbeach.realforeclose.com//index.cfm?zaction=auction&zmethod=details&AID=502025CA003333XXXAMB&bypassPage=1,https://pcpao.gov/Parcel-Details/08434528120200110
08/10/2026 10:00 AM ET,"14428 CANALVIEW DR D DELRAY BEACH, FL- 33484","$164,410.98",,"$164,410.98",502025CA004213XXXAMB,00424614082120040,https://palmbeach.realforeclose.com//index.cfm?zaction=auction&zmethod=details&AID=502025CA004213XXXAMB&bypassPage=1,https://pcpao.gov/Parcel-Details/00424614082120040
08/10/2026 10:00 AM ET,"760 E OCEAN AVE 203 BOYNTON BEACH, FL- 33435","$277,553.67",,"$277,553.67",502025CA005366XXXAMB,08434527450032030,https://palmbeach.realforeclose.com//index.cfm?zaction=auction&zmethod=details&AID=502025CA005366XXXAMB&bypassPage=1,https://pcpao.gov/Parcel-Details/08434527450032030
08/10/2026 10:00 AM ET,"127 PORGEE ROCK PL JUPITER, FL- 33458","$688,350.91",,"$688,350.91",502025CA007617XXXAMB,30424033050001840,https://palmbeach.realforeclose.com//index.cfm?zaction=auction&zmethod=details&AID=502025CA007617XXXAMB&bypassPage=1,https://pcpao.gov/Parcel-Details/30424033050001840
08/10/2026 10:00 AM ET,"9826 SANDY RUN JUPITER, FL- 33478","$306,885.91",,"$306,885.91",502025CA007746XXXAMB,Property,https://palmbeach.realforeclose.com//index.cfm?zaction=auction&zmethod=details&AID=502025CA007746XXXAMB&bypassPage=1,https://pcpao.gov/Parcel-Details/Property
08/11/2026 10:00 AM ET,"800 SE 2ND ST BELLE GLADE, FL- 33430","$123,436.45",,"$123,436.45",502023CA010028XXXXMB,04374405080000010,https://palmbeach.realforeclose.com//index.cfm?zaction=auction&zmethod=details&AID=502023CA010028XXXXMB&bypassPage=1,https://pcpao.gov/Parcel-Details/04374405080000010
08/11/2026 10:00 AM ET,"1704 ANNANDALE CIR ROYAL PALM BEACH, FL- 33411","$411,226.92",,"$411,226.92",502024CA012059XXXAMB,72414315070040370,https://palmbeach.realforeclose.com//index.cfm?zaction=auction&zmethod=details&AID=502024CA012059XXXAMB&bypassPage=1,https://pcpao.gov/Parcel-Details/72414315070040370
08/12/2026 10:00 AM ET,"5196 PALM RIDGE BLVD DELRAY BEACH, FL- 33484","$353,649.37",,"$353,649.37",502025CA000103XXXAMB,00424611020001240,https://palmbeach.realforeclose.com//index.cfm?zaction=auction&zmethod=details&AID=502025CA000103XXXAMB&bypassPage=1,https://pcpao.gov/Parcel-Details/00424611020001240
08/17/2026 10:00 AM ET,"10898 LAKE WYNDS CT BOYNTON BEACH, FL- 33437","$599,969.90",,"$599,969.90",502024CA000461XXXAMB,00424527150000360,https://palmbeach.realforeclose.com//index.cfm?zaction=auction&zmethod=details&AID=502024CA000461XXXAMB&bypassPage=1,https://pcpao.gov/Parcel-Details/00424527150000360
08/17/2026 10:00 AM ET,"17928 36TH CT N LOXAHATCHEE, FL- 33470","$654,381.77",,"$654,381.77",502024CA009569XXXAMB,00404314000004060,https://palmbeach.realforeclose.com//index.cfm?zaction=auction&zmethod=details&AID=502024CA009569XXXAMB&bypassPage=1,https://pcpao.gov/Parcel-Details/00404314000004060
08/17/2026 10:00 AM ET,"6113 GREENSPOINTE DR BOYNTON BEACH, FL- 33437","$90,779.37",,"$90,779.37",502025CA001761XXXAMB,00424534180000100,https://palmbeach.realforeclose.com//index.cfm?zaction=auction&zmethod=details&AID=502025CA001761XXXAMB&bypassPage=1,https://pcpao.gov/Parcel-Details/00424534180000100
08/17/2026 10:00 AM ET,"14701 CUMBERLAND DR 2080 DELRAY BEACH, FL- 33446","$52,930.18",,"$52,930.18",502025CA010955XXXAMB,00424616030012080,https://palmbeach.realforeclose.com//index.cfm?zaction=auction&zmethod=details&AID=502025CA010955XXXAMB&bypassPage=1,https://pcpao.gov/Parcel-Details/00424616030012080
08/17/2026 10:00 AM ET,"56 SW 15TH COURT BOCA RATON, FL- 33486","$84,313.32",,"$84,313.32",502025CA011004XXXAMB,Property,https://palmbeach.realforeclose.com//index.cfm?zaction=auction&zmethod=details&AID=502025CA011004XXXAMB&bypassPage=1,https://pcpao.gov/Parcel-Details/Property
08/17/2026 10:00 AM ET,"703 LOCHWICK TER PALM BEACH GARDENS, FL- LF 33418","$13,666.37",,"$13,666.37",502025CA011510XXXAMB,52424210100030110,https://palmbeach.realforeclose.com//index.cfm?zaction=auction&zmethod=details&AID=502025CA011510XXXAMB&bypassPage=1,https://pcpao.gov/Parcel-Details/52424210100030110
08/17/2026 10:00 AM ET,"343 CAPRI H DELRAY BEACH, FL- 33484","$15,320.86",,"$15,320.86",502025CC016197XXXAMB,00424623060083430,https://palmbeach.realforeclose.com//index.cfm?zaction=auction&zmethod=details&AID=502025CC016197XXXAMB&bypassPage=1,https://pcpao.gov/Parcel-Details/00424623060083430
08/17/2026 10:00 AM ET,"8266 VIA SERENA BOCA RATON, FL- 33433","$13,764.97",,"$13,764.97",502026CA000694XXXAMB,00424720190450020,https://palmbeach.realforeclose.com//index.cfm?zaction=auction&zmethod=details&AID=502026CA000694XXXAMB&bypassPage=1,https://pcpao.gov/Parcel-Details/00424720190450020
08/18/2026 10:00 AM ET,"11894 DUNBAR CT PALM BEACH GARDENS, FL- 33412","$1,183,632.85",,"$1,183,632.85",502025CA000608XXXAMB,52414214070000160,https://palmbeach.realforeclose.com//index.cfm?zaction=auction&zmethod=details&AID=502025CA000608XXXAMB&bypassPage=1,https://pcpao.gov/Parcel-Details/52414214070000160
08/18/2026 10:00 AM ET,"147 KINGS WAY ROYAL PALM BEACH, FL- 33411","$263,852.18",,"$263,852.18",502025CA005500XXXAMB,72414327110030180,https://palmbeach.realforeclose.com//index.cfm?zaction=auction&zmethod=details&AID=502025CA005500XXXAMB&bypassPage=1,https://pcpao.gov/Parcel-Details/72414327110030180
08/18/2026 10:00 AM ET,"2566 S GARDEN DR 209 LAKE WORTH, FL- 33461","$40,574.01",,"$40,574.01",502025CC016491XXXAMB,00434417380002090,https://palmbeach.realforeclose.com//index.cfm?zaction=auction&zmethod=details&AID=502025CC016491XXXAMB&bypassPage=1,https://pcpao.gov/Parcel-Details/00434417380002090
08/19/2026 10:00 AM ET,"6506 65TH WAY WEST PALM BEACH, FL- 33409","$353,675.53",,"$353,675.53",502026CA000135XXXAMB,74434307040001042,https://palmbeach.realforeclose.com//index.cfm?zaction=auction&zmethod=details&AID=502026CA000135XXXAMB&bypassPage=1,https://pcpao.gov/Parcel-Details/74434307040001042
08/19/2026 10:00 AM ET,"2315 DOCK ST WEST PALM BEACH, FL- 33401","$22,304.36",,"$22,304.36",502026CC002599XXXAMB,Property,https://palmbeach.realforeclose.com//index.cfm?zaction=auction&zmethod=details&AID=502026CC002599XXXAMB&bypassPage=1,https://pcpao.gov/Parcel-Details/Property
08/20/2026 10:00 AM ET,"87 PHEASANT RUN BLVD WEST PALM BEACH, FL- 33415","$354,151.21",,"$354,151.21",502025CA008124XXXAMB,00424402310001090,https://palmbeach.realforeclose.com//index.cfm?zaction=auction&zmethod=details&AID=502025CA008124XXXAMB&bypassPage=1,https://pcpao.gov/Parcel-Details/00424402310001090
08/20/2026 10:00 AM ET,"13052 COMPTON RD LOXAHATCHEE, FL- 33470","$917,051.29",,"$917,051.29",502025CA012662XXXAMB,Property,https://palmbeach.realforeclose.com//index.cfm?zaction=auction&zmethod=details&AID=502025CA012662XXXAMB&bypassPage=1,https://pcpao.gov/Parcel-Details/Property
08/24/2026 10:00 AM ET,"618 GARDENIA TER DELRAY BEACH, FL- 33444","$532,655.84",,"$532,655.84",502025CA000861XXXAMB,12434608190010080,https://palmbeach.realforeclose.com//index.cfm?zaction=auction&zmethod=details&AID=502025CA000861XXXAMB&bypassPage=1,https://pcpao.gov/Parcel-Details/12434608190010080
08/24/2026 10:00 AM ET,"1334 ARROWHEAD POINT RD LOXAHATCHEE, FL- 33470","$572,477.54",,"$572,477.54",502025CA003822XXXAMB,00404328070002910,https://palmbeach.realforeclose.com//index.cfm?zaction=auction&zmethod=details&AID=502025CA003822XXXAMB&bypassPage=1,https://pcpao.gov/Parcel-Details/00404328070002910
08/24/2026 10:00 AM ET,"9393 CASCADE CT BOYNTON BEACH, FL- 33437","$434,692.96",,"$434,692.96",502025CA004424XXXAMB,00424522110000390,https://palmbeach.realforeclose.com//index.cfm?zaction=auction&zmethod=details&AID=502025CA004424XXXAMB&bypassPage=1,https://pcpao.gov/Parcel-Details/00424522110000390
08/24/2026 10:00 AM ET,"4414 HEMLOCK DR RIVIERA BEACH, FL- 33410","$340,587.12",,"$340,587.12",502025CA005317XXXAMB,56424225440000270,https://palmbeach.realforeclose.com//index.cfm?zaction=auction&zmethod=details&AID=502025CA005317XXXAMB&bypassPage=1,https://pcpao.gov/Parcel-Details/56424225440000270
08/24/2026 10:00 AM ET,"1034 GROVE PARK CIR BOYNTON BEACH, FL- 33436","$661,683.41",,"$661,683.41",502025CA008013XXXAMB,08424512260000520,https://palmbeach.realforeclose.com//index.cfm?zaction=auction&zmethod=details&AID=502025CA008013XXXAMB&bypassPage=1,https://pcpao.gov/Parcel-Details/08424512260000520
08/24/2026 10:00 AM ET,"7032 CHESAPEAKE CIR BOYNTON BEACH, FL- 33436","$557,828.50",,"$557,828.50",502025CA008769XXXAMB,08434507170002830,https://palmbeach.realforeclose.com//index.cfm?zaction=auction&zmethod=details&AID=502025CA008769XXXAMB&bypassPage=1,https://pcpao.gov/Parcel-Details/08434507170002830
08/26/2026 10:00 AM ET,"300 OCEAN TRAIL WAY 103 JUPITER, FL- 33477","$445,376.63",,"$445,376.63",502023CA008578XXXXMB,30434105120030103,https://palmbeach.realforeclose.com//index.cfm?zaction=auction&zmethod=details&AID=502023CA008578XXXXMB&bypassPage=1,https://pcpao.gov/Parcel-Details/30434105120030103
08/26/2026 10:00 AM ET,"22261 FESTIVAL WAY BOCA RATON, FL- 33428","$416,095.83",,"$416,095.83",502025CA002931XXXAMB,00414725170000420,https://palmbeach.realforeclose.com//index.cfm?zaction=auction&zmethod=details&AID=502025CA002931XXXAMB&bypassPage=1,https://pcpao.gov/Parcel-Details/00414725170000420
08/26/2026 10:00 AM ET,"16298 90TH ST N LOXAHATCHEE, FL- 33470","$582,791.10",,"$582,791.10",502025CA008509XXXAMB,00404213000006120,https://palmbeach.realforeclose.com//index.cfm?zaction=auction&zmethod=details&AID=502025CA008509XXXAMB&bypassPage=1,https://pcpao.gov/Parcel-Details/00404213000006120
08/31/2026 10:00 AM ET,"403 4TH LN GREENACRES, FL- 33463","$21,704.63",,"$21,704.63",502025CC017794XXXASB,18424426080000071,https://palmbeach.realforeclose.com//index.cfm?zaction=auction&zmethod=details&AID=502025CC017794XXXASB&bypassPage=1,https://pcpao.gov/Parcel-Details/18424426080000071
09/02/2026 10:00 AM ET,"12689 57TH ROAD NORTH ROYAL PALM BEACH, FL- 33411","$403,991.06",,"$403,991.06",502016CA003862XXXXMB,Property,https://palmbeach.realforeclose.com//index.cfm?zaction=auction&zmethod=details&AID=502016CA003862XXXXMB&bypassPage=1,https://pcpao.gov/Parcel-Details/Property
09/02/2026 10:00 AM ET,"5027 GENOVE PL RIVIERA BEACH, FL- 33410","$12,292.09",,"$12,292.09",502024CA001231XXXAMB,56424225420030040,https://palmbeach.realforeclose.com//index.cfm?zaction=auction&zmethod=details&AID=502024CA001231XXXAMB&bypassPage=1,https://pcpao.gov/Parcel-Details/56424225420030040
09/02/2026 10:00 AM ET,"4545 N OCEAN BLVD 18D BOCA RATON, FL- 33431","$1,000,337.10",,"$1,000,337.10",502025CA009956XXXAMB,06434709020010184,https://palmbeach.realforeclose.com//index.cfm?zaction=auction&zmethod=details&AID=502025CA009956XXXAMB&bypassPage=1,https://pcpao.gov/Parcel-Details/06434709020010184
09/03/2026 10:00 AM ET,"6606 WINDMILL WAY GREENACRES, FL- 33413","$68,673.81",,"$68,673.81",502025CA009596XXXAMB,18424403090000820,https://palmbeach.realforeclose.com//index.cfm?zaction=auction&zmethod=details&AID=502025CA009596XXXAMB&bypassPage=1,https://pcpao.gov/Parcel-Details/18424403090000820
09/03/2026 10:00 AM ET,"1610 S PALMWAY LAKE WORTH, FL- 33460","$570,591.28",,"$570,591.28",502025CA009790XXXAMB,38434427010910040,https://palmbeach.realforeclose.com//index.cfm?zaction=auction&zmethod=details&AID=502025CA009790XXXAMB&bypassPage=1,https://pcpao.gov/Parcel-Details/38434427010910040
09/03/2026 10:00 AM ET,"1014 VIA JARDIN RIVIERA BEACH, FL- 33418","$214,550.01",,"$214,550.01",502025CA009901XXXAMB,56424225230001290,https://palmbeach.realforeclose.com//index.cfm?zaction=auction&zmethod=details&AID=502025CA009901XXXAMB&bypassPage=1,https://pcpao.gov/Parcel-Details/56424225230001290
09/03/2026 10:00 AM ET,"128 SEVILLA AVE ROYAL PALM BEACH, FL- 33411","$505,315.06",,"$505,315.06",502025CA010805XXXAMB,72414314030100230,https://palmbeach.realforeclose.com//index.cfm?zaction=auction&zmethod=details&AID=502025CA010805XXXAMB&bypassPage=1,https://pcpao.gov/Parcel-Details/72414314030100230
09/03/2026 10:00 AM ET,"17695 HAYNIE LN JUPITER, FL- 33478","$350,351.27",,"$350,351.27",502025CA012845XXXAMB,00414102000003490,https://palmbeach.realforeclose.com//index.cfm?zaction=auction&zmethod=details&AID=502025CA012845XXXAMB&bypassPage=1,https://pcpao.gov/Parcel-Details/00414102000003490
09/08/2026 10:00 AM ET,"9360 CASCADE CT BOYNTON BEACH, FL- 33437","$619,103.55",,"$619,103.55",502018CA001390XXXXMB,00424522110000490,https://palmbeach.realforeclose.com//index.cfm?zaction=auction&zmethod=details&AID=502018CA001390XXXXMB&bypassPage=1,https://pcpao.gov/Parcel-Details/00424522110000490
09/08/2026 10:00 AM ET,"2513 NW 4TH CT BOYNTON BEACH, FL- 33426","$321,750.99",,"$194,133.00",502024CA003253XXXAMB,Property,https://palmbeach.realforeclose.com//index.cfm?zaction=auction&zmethod=details&AID=502024CA003253XXXAMB&bypassPage=1,https://pcpao.gov/Parcel-Details/Property
09/08/2026 10:00 AM ET,"187 SAXONY D DELRAY BEACH, FL- 33446","$125,444.95",,"$30,450.48",502025CA004743XXXAMB,Property,https://palmbeach.realforeclose.com//index.cfm?zaction=auction&zmethod=details&AID=502025CA004743XXXAMB&bypassPage=1,https://pcpao.gov/Parcel-Details/Property
09/08/2026 10:00 AM ET,"639 EXECUTIVE CENTER DR O-101 WEST PALM BEACH, FL- 33401","$786,685.75",,"$18,103.31",502025CA009225XXXAMB,Property,https://palmbeach.realforeclose.com//index.cfm?zaction=auction&zmethod=details&AID=502025CA009225XXXAMB&bypassPage=1,https://pcpao.gov/Parcel-Details/Property
09/08/2026 10:00 AM ET,"105 BELLA VITA DR ROYAL PALM BEACH, FL- 33411","$234,318.69",,"$234,318.69",502025CA009304XXXAMB,72414323220000180,https://palmbeach.realforeclose.com//index.cfm?zaction=auction&zmethod=details&AID=502025CA009304XXXAMB&bypassPage=1,https://pcpao.gov/Parcel-Details/72414323220000180
09/08/2026 10:00 AM ET,"13651 EXOTICA LN WELLINGTON, FL- 33414","$161,285.78",,"$367,313.92",502025CA009972XXXAMB,Property,https://palmbeach.realforeclose.com//index.cfm?zaction=auction&zmethod=details&AID=502025CA009972XXXAMB&bypassPage=1,https://pcpao.gov/Parcel-Details/Property
09/09/2026 10:00 AM ET,"828 QUARTZ TER WEST PALM BEACH, FL- 33413","$450,618.53",,"$450,618.53",502025CA005588XXXAMB,00424335270000180,https://palmbeach.realforeclose.com//index.cfm?zaction=auction&zmethod=details&AID=502025CA005588XXXAMB&bypassPage=1,https://pcpao.gov/Parcel-Details/00424335270000180
09/16/2026 10:00 AM ET,"291 GUAVA AVE WEST PALM BEACH, FL- 33413","$366,425.45",,"$366,425.45",502024CA009238XXXAMB,00424335100130120,https://palmbeach.realforeclose.com//index.cfm?zaction=auction&zmethod=details&AID=502024CA009238XXXAMB&bypassPage=1,https://pcpao.gov/Parcel-Details/00424335100130120
09/22/2026 10:00 AM ET,"1080 STERLING PINE PLACE LOXAHATCHEE, FL- 33470","$807,448.10",,"$807,448.10",502025CA003966XXXAMB,Property,https://palmbeach.realforeclose.com//index.cfm?zaction=auction&zmethod=details&AID=502025CA003966XXXAMB&bypassPage=1,https://pcpao.gov/Parcel-Details/Property
09/28/2026 10:00 AM ET,"1880 GULFSTREAM WAY WEST PALM BEACH, FL- 33411","$680,736.59",,"$680,736.59",502025CA008289XXXAMB,00424330060000160,https://palmbeach.realforeclose.com//index.cfm?zaction=auction&zmethod=details&AID=502025CA008289XXXAMB&bypassPage=1,https://pcpao.gov/Parcel-Details/00424330060000160
09/28/2026 10:00 AM ET,"5863 AZALEA CIR WEST PALM BEACH, FL- 33415","$183,980.59",,"$183,980.59",502025CA013449XXXAMB,00424411360001300,https://palmbeach.realforeclose.com//index.cfm?zaction=auction&zmethod=details&AID=502025CA013449XXXAMB&bypassPage=1,https://pcpao.gov/Parcel-Details/00424411360001300
09/30/2026 10:00 AM ET,"5976 WHIRLAWAY RD PALM BEACH GARDENS, FL- 33418","$19,422.06",,"$19,422.06",502026CA000125XXXAMB,52424223040010100,https://palmbeach.realforeclose.com//index.cfm?zaction=auction&zmethod=details&AID=502026CA000125XXXAMB&bypassPage=1,https://pcpao.gov/Parcel-Details/52424223040010100
10/08/2026 10:00 AM ET,"1044 SEAGRAPE RD LAKE WORTH, FL- 33462","$237,407.24",,"$237,407.24",502025CA001430XXXAMB,00434509140000470,https://palmbeach.realforeclose.com//index.cfm?zaction=auction&zmethod=details&AID=502025CA001430XXXAMB&bypassPage=1,https://pcpao.gov/Parcel-Details/00434509140000470
10/15/2026 10:00 AM ET,"821 SW 4TH AVE DELRAY BEACH, FL- 33444","$806,180.48",,"$806,180.48",502025CA010966XXXAMB,12434620010110040,https://palmbeach.realforeclose.com//index.cfm?zaction=auction&zmethod=details&AID=502025CA010966XXXAMB&bypassPage=1,https://pcpao.gov/Parcel-Details/12434620010110040
11/04/2026 10:00 AM ET,"726 NE 20TH LN BOYNTON BEACH, FL- 33435","$652,864.18",,"$652,864.18",502025CA005176XXXAMB,08434515110050010,https://palmbeach.realforeclose.com//index.cfm?zaction=auction&zmethod=details&AID=502025CA005176XXXAMB&bypassPage=1,https://pcpao.gov/Parcel-Details/08434515110050010
