Timestamp,Action,Case #,Auction Date,Property Address,Final Judgment,Assessed Value,Plaintiff Max Bid,Parcel ID
2026-04-20T11:28:09,NEW,502025CA007509XXXAMB,04/21/2026 10:00 AM ET,"4846 POND PINE WAY GREENACRES, FL- 33463","$365,027.63",,Hidden,18424426280000350
2026-04-20T11:28:09,NEW,502025CC017384XXXASB,04/21/2026 10:00 AM ET,"6 WESTGATE LN 6B BOYNTON BEACH, FL- 33436","$37,002.63",,"$37,002.63",08424601150000062
2026-04-20T11:28:09,NEW,502024CA010879XXXAMB,04/22/2026 10:00 AM ET,"8 PRESTON A BOCA RATON, FL- 33434","$100,000.00",,"$126,600.00",00424708130010080
2026-04-20T11:28:09,NEW,502025CA002801XXXAMB,04/22/2026 10:00 AM ET,"99 SE MIZNER BLVD APT 627 BOCA RATON, FL- 33432","$284,487.68",,"$287,573.00",06434729560066270
2026-04-20T11:28:09,NEW,502025CA006511XXXAMB,04/22/2026 10:00 AM ET,"8374 ZANZIBAR LN WELLINGTON, FL- 33414","$166,403.17",,"$166,403.17",73424417050006050
2026-04-20T11:28:09,NEW,502025CA003509XXXAMB,04/23/2026 10:00 AM ET,"5270 NESTING WAY B DELRAY BEACH, FL- 33484","$123,251.87",,"$123,251.87",00424611183620020
2026-04-20T11:28:09,NEW,502025CA007750XXXAMB,04/23/2026 10:00 AM ET,"316 DORSET H BOCA RATON, FL- 33434","$16,630.88",,"$16,630.88",00424708080083160
2026-04-20T11:28:09,NEW,502025CA012074XXXAMB,04/23/2026 10:00 AM ET,"10189 LEXINGTON LAKES BLVD N BOYNTON BEACH, FL- 33436","$298,543.94",,Hidden,00434530220001300
2026-04-20T11:28:09,NEW,502016CA010350XXXXMB,04/27/2026 10:00 AM ET,"285 NW 35TH ST BOCA RATON, FL- 33431","$617,992.03",,"$617,992.03",06434707020230060
2026-04-20T11:28:09,NEW,502018CA005160XXXXMB,04/27/2026 10:00 AM ET,"21800 LITTLE BEAR LN BOCA RATON, FL- 33428","$437,778.46",,"$437,778.46",00414723020000330
2026-04-20T11:28:09,NEW,502019CA014939XXXXMB,04/27/2026 10:00 AM ET,"3289 PERIMETER DR GREENACRES, FL- 33467","$195,993.87",,Hidden,18424422270222213
2026-04-20T11:28:09,NEW,502023CA011632XXXXMB,04/27/2026 10:00 AM ET,"10596 VERSAILLES BLVD WELLINGTON, FL- 33449","$882,652.40",,"$882,652.40",73414424050003320
2026-04-20T11:28:09,NEW,502023CA012517XXXXMB,04/27/2026 10:00 AM ET,"17146 87TH LN N LOXAHATCHEE, FL- 33470","$364,936.14",,"$364,936.14",00404223000001760
2026-04-20T11:28:09,NEW,502023CA014862XXXAMB,04/27/2026 10:00 AM ET,"118 VILLA CIR BOYNTON BEACH, FL- 33435","$171,582.37",,"$171,582.37",08434533560011180
2026-04-20T11:28:09,NEW,502024CA000461XXXAMB,04/27/2026 10:00 AM ET,"10898 LAKE WYNDS CT BOYNTON BEACH, FL- 33437","$599,969.90",,"$599,969.90",00424527150000360
2026-04-20T11:28:09,NEW,502024CA007481XXXAMB,04/27/2026 10:00 AM ET,"1654 FOREST LAKES CIR C WEST PALM BEACH, FL- 33406","$51,309.14",,"$51,309.14",00424412220002070
2026-04-20T11:28:09,NEW,502024CA008204XXXAMB,04/27/2026 10:00 AM ET,"4102 ARTESA DR BOYNTON BEACH, FL- 33436","$1,006,935.78",,"$1,006,935.78",00424524270000160
2026-04-20T11:28:09,NEW,502024CA009529XXXAMB,04/27/2026 10:00 AM ET,"1611 16TH TERRACE PALM BEACH GARDEN, FL- 33418","$229,529.96",,"$229,529.96",Property
2026-04-20T11:28:09,NEW,502025CA001754XXXAMB,04/28/2026 10:00 AM ET,"230 NW 9TH ST BOCA RATON, FL- 33432","$554,253.94",,"$554,253.94",06434719080040070
2026-04-20T11:28:09,NEW,502025CA005129XXXAMB,04/28/2026 10:00 AM ET,"4880 LUCERNE LAKES BLVD 104 LAKE WORTH, FL- 33467","$100,855.26",,"$100,855.26",00424428270291040
2026-04-20T11:28:09,NEW,502022CA005253XXXXMB,04/29/2026 10:00 AM ET,"1571 NW 20TH AVE 104 DELRAY BEACH, FL- 33445","$400,182.49",,"$62,213.19",12434607050641040
2026-04-20T11:28:09,NEW,502024CA001406XXXAMB,04/29/2026 10:00 AM ET,"1058 BREAKERS WEST BLVD WEST PALM BEACH, FL- 33411","$1,744,105.96",,"$1,744,105.96",00424329110000080
2026-04-20T11:28:09,NEW,502024CA008808XXXAMB,04/29/2026 10:00 AM ET,"8635 GRAND PRIX LN BOYNTON BEACH, FL- 33472","$106,494.87",,"$106,494.87",00424517100000500
2026-04-20T11:28:09,NEW,502024CC007094XXXAMB,04/29/2026 10:00 AM ET,"120 LEHANE TER 301 NORTH PALM BEACH, FL- 33408","$26,135.71",,"$26,135.71",68434216090000380
2026-04-20T11:28:09,NEW,502024CC019028XXXAMB,04/29/2026 10:00 AM ET,"141 W 34TH ST RIVIERA BEACH, FL- 33404","$9,670.35",,"$9,670.35",56434228020000220
2026-04-20T11:28:09,NEW,502025CA003341XXXAMB,04/29/2026 10:00 AM ET,"7449 TRESCOTT DR LAKE WORTH, FL- 33467","$282,387.18",,"$282,387.18",00424510040000880
2026-04-20T11:28:09,NEW,502025CA008015XXXAMB,04/29/2026 10:00 AM ET,"918 TURNER RD DELRAY BEACH, FL- 33483","$801,886.91",,"$801,886.91",00434604180000790
2026-04-20T11:28:09,NEW,502025CC010545XXXAMB,04/29/2026 10:00 AM ET,"2669 S GARDEN DR 409 LAKE WORTH, FL- 33461","$35,944.86",,"$35,944.86",00434417520004090
2026-04-20T11:28:09,NEW,502023CA013536XXXAMB,04/30/2026 10:00 AM ET,"100 NORWOOD RD JUPITER, FL- 33469","$1,576,448.89",,"$1,399,000.00",30424036090070010
2026-04-20T11:28:09,NEW,502024CA002794XXXAMB,04/30/2026 10:00 AM ET,"1217 53RD ST MANGONIA PARK, FL- 33407","$141,049.74",,"$141,049.74",44434305060000140
2026-04-20T11:28:09,NEW,502025CC010441XXXASB,04/30/2026 10:00 AM ET,"15979 MATARO BAY CT DELRAY BEACH, FL- 33446","$31,004.55",,"$31,004.55",00424619070000080
2026-04-20T11:28:09,NEW,502025CA003024XXXAMB,05/01/2026 10:00 AM ET,"21202 GLENMOOR DR WEST PALM BEACH, FL- 33409","$200,353.37",,"$200,353.37",74434319210212020
2026-04-20T11:28:09,NEW,502025CA008016XXXAMB,05/01/2026 10:00 AM ET,"2044 WIGHTMAN DR WELLINGTON, FL- 33414","$696,168.45",,Hidden,73414414050000010
2026-04-20T11:28:09,NEW,502020CA009303XXXXMB,05/04/2026 10:00 AM ET,"5528 CANAL DR 10 LAKE WORTH, FL- 33463","$12,698,625.38",,"$12,698,625.38",00424511000007000
2026-04-20T11:28:09,NEW,502023CA014568XXXAMB,05/04/2026 10:00 AM ET,"554 W 1ST ST WEST PALM BEACH, FL- 33404","$85,690.98",,"$85,690.98",56434233110002170
2026-04-20T11:28:09,NEW,502024CA006395XXXAMB,05/04/2026 10:00 AM ET,"262 TIMBERWALK TRL JUPITER, FL- 33458","$311,269.71",,"$178,463.47",Property
2026-04-20T11:28:09,NEW,502024CC012088XXXAMB,05/04/2026 10:00 AM ET,"5067 ANGOLA CIR LAKE WORTH, FL- 33463","$10,869.11",,"$10,869.11",00424434290003000
2026-04-20T11:28:09,NEW,502025CA003755XXXAMB,05/04/2026 10:00 AM ET,"1909 SHOMA DR ROYAL PALM BEACH, FL- 33414","$26,716.33",,"$26,716.33",72414401120192070
2026-04-20T11:28:09,NEW,502025CA006776XXXAMB,05/04/2026 10:00 AM ET,"3101 GEORGIA AVE WEST PALM BEACH, FL- 33405","$103,056.57",,"$103,056.57",74434333210000701
2026-04-20T11:28:09,NEW,502025CA008439XXXAMB,05/04/2026 10:00 AM ET,"207 SW 8TH CT DELRAY BEACH, FL- 33444","$635,296.63",,"$635,296.63",12434620020010071
2026-04-20T11:28:09,NEW,502025CC015521XXXAWB,05/04/2026 10:00 AM ET,"3138 VIA POINCIANA 210 LAKE WORTH, FL- 33467","$22,869.00",,"$22,869.00",00424421210002100
2026-04-20T11:28:09,NEW,502025CC017300XXXAMB,05/04/2026 10:00 AM ET,"502 DAVIS RD 1 PALM SPRINGS, FL- 33461","$14,832.03",,"$14,832.03",70434418120000010
2026-04-20T11:28:09,NEW,502025CA002520XXXAMB,05/05/2026 10:00 AM ET,"2146 SW 13TH ST DELRAY BEACH, FL- 33445","$199,348.58",,"$199,348.58",12434619030050100
2026-04-20T11:28:09,NEW,502025CA003651XXXAMB,05/05/2026 10:00 AM ET,"17142 LUDOVICA LN BOCA RATON, FL- 33496","$1,915,014.12",,"$1,915,014.12",00424631110001900
2026-04-20T11:28:09,NEW,502025CC017746XXXASB,05/05/2026 10:00 AM ET,"6830 CASTLEMAINE AVE BOYNTON BEACH, FL- 33437","$17,681.59",,"$17,681.59",00424533050001440
2026-04-20T11:28:09,NEW,502024CA006899XXXAMB,05/06/2026 10:00 AM ET,"934 PASEO CASTALLA WEST PALM BEACH, FL- 33405","$357,353.34",,"$357,353.34",74434333060050071
2026-04-20T11:28:09,NEW,502022CA006929XXXXMB,05/07/2026 10:00 AM ET,"5936 CORSON PL LAKE WORTH, FL- 33463","$181,786.73",,"$181,786.73",00424434360004140
2026-04-20T11:28:09,NEW,502023CA012801XXXXMB,05/07/2026 10:00 AM ET,"8592 OVERSET LN BOCA RATON, FL- 33496","$121,754.22",,"$121,754.22",00424705070840040
2026-04-20T11:28:09,NEW,502025CA007853XXXAMB,05/07/2026 10:00 AM ET,"401 4TH TERRACE PALM BEACH GARDENS, FL- 33418-3603","$380,801.40",,"$380,801.40",Property
2026-04-20T11:28:09,NEW,502025CA008239XXXAMB,05/07/2026 10:00 AM ET,"920 SUNFLOWER AVE DELRAY BEACH, FL- 33445","$602,118.64",,"$602,118.64",12424612140010840
2026-04-20T11:28:09,NEW,502025CA010432XXXAMB,05/07/2026 10:00 AM ET,"15217 LAKES OF DELRAY BLVD 90 DELRAY BEACH, FL- 33484","$16,516.22",,"$16,516.22",00424623420030900
2026-04-20T11:28:09,NEW,502025CA010996XXXAMB,05/07/2026 10:00 AM ET,"16892 HAMLIN BLVD LOXAHATCHEE, FL- 33470","$584,561.87",,"$584,561.87",00404224000003110
2026-04-20T11:28:09,NEW,502018CA012856XXXXMB,05/11/2026 10:00 AM ET,"1861 BOMAR DR NORTH PALM BEACH, FL- 33408","$495,513.80",,"$495,513.80",00434204030000040
2026-04-20T11:28:09,NEW,502023CA009295XXXXMB,05/11/2026 10:00 AM ET,"1951 SMITH DR NORTH PALM BEACH, FL- 33408","$529,835.04",,"$529,835.04",00434204010000130
2026-04-20T11:28:09,NEW,502023CA014855XXXAMB,05/11/2026 10:00 AM ET,"4804 WATERVIEW CIR PALM SPRINGS, FL- 33461","$249,110.43",,"$249,110.43",70434419240000484
2026-04-20T11:28:09,NEW,502025CA000657XXXAMB,05/11/2026 10:00 AM ET,"6 GREENWAY VILLAGE N 105 ROYAL PALM BEACH, FL- 33411","$470,038.59",,"$195,038.66",Property
2026-04-20T11:28:09,NEW,502025CA001544XXXAMB,05/11/2026 10:00 AM ET,"5978 LAS COLINAS CIR LAKE WORTH, FL- 33463","$59,987.56",,"$59,987.56",00424502050000310
2026-04-20T11:28:09,NEW,502025CA003497XXXAMB,05/11/2026 10:00 AM ET,"14041 80TH LN N LOXAHATCHEE, FL- 33470","$701,232.60",,"$701,232.60",00414220000005970
2026-04-20T11:28:09,NEW,502025CA003676XXXAMB,05/11/2026 10:00 AM ET,"15676 BOTTLEBRUSH CIR DELRAY BEACH, FL- 33484","$91,234.55",,"$91,234.55",00424623070020030
2026-04-20T11:28:09,NEW,502025CA003828XXXAMB,05/11/2026 10:00 AM ET,"5014 NAUTICA LAKE CIR GREENACRES, FL- 33463","$474,683.82",,"$474,683.82",18424435120000960
2026-04-20T11:28:09,NEW,502025CA004500XXXAMB,05/11/2026 10:00 AM ET,"8861 ECHO LN BOCA RATON, FL- 33496","$284,815.52",,"$284,815.52",00424705070450030
2026-04-20T11:28:09,NEW,502024CA000939XXXAMB,05/12/2026 10:00 AM ET,"2427 PRESIDENTIAL WAY 701 WEST PALM BEACH, FL- 33401","$160,136.04",,"$160,136.04",74434318080000701
2026-04-20T11:28:09,NEW,502024CA008443XXXAMB,05/12/2026 10:00 AM ET,"126 VICTORIAN LN JUPITER, FL- 33458","$621,358.07",,"$621,358.07",30424027140000430
2026-04-20T11:28:09,NEW,502025CA005095XXXAMB,05/12/2026 10:00 AM ET,"152 BERENGER WALK ROYAL PALM BEACH, FL- 33414","$1,173,259.04",,"$434,714.77",MULTIPLE
2026-04-20T11:28:09,NEW,502025CA009927XXXAMB,05/12/2026 10:00 AM ET,"18633 92ND LN N LOXAHATCHEE, FL- 33470","$563,783.15",,"$563,783.15",00404215000007330
2026-04-20T11:28:09,NEW,502024CA007204XXXAMB,05/13/2026 10:00 AM ET,"12640 CORAL LAKES DR BOYNTON BEACH, FL- 33437","$46,449.61",,"$46,449.61",00424603080000210
2026-04-20T11:28:09,NEW,502024CC007424XXXASB,05/13/2026 10:00 AM ET,"1208 MARINE WAY 708 NORTH PALM BEACH, FL- 33408","$28,340.50",,"$28,340.50",68434209190017080
2026-04-20T11:28:09,NEW,502025CA000288XXXAMB,05/13/2026 10:00 AM ET,"12373 EQUINE LN WELLINGTON, FL- 33414","$22,352.12",,"$716,876.00",Property
2026-04-20T11:28:09,NEW,502025CA004718XXXAMB,05/13/2026 10:00 AM ET,"9769 BOZZANO DR DELRAY BEACH, FL- 33446","$2,007,388.30",,"$2,007,388.30",00424630110005840
2026-04-20T11:28:09,NEW,502025CA005265XXXAMB,05/13/2026 10:00 AM ET,"4786 PINE CONE LN WEST PALM BEACH, FL- 33417","$297,621.04",,"$297,621.04",00424325100030181
2026-04-20T11:28:09,NEW,502025CA005791XXXAMB,05/13/2026 10:00 AM ET,"13159 ARTISAN CIR PALM BEACH GARDENS, FL- 33418","$1,850,336.86",,"$1,850,336.86",52424126080002950
2026-04-20T11:28:09,NEW,502025CA007214XXXAMB,05/13/2026 10:00 AM ET,"247 LAKE MONTEREY CIR BOYNTON BEACH, FL- 33426","$25,255.15",,"$25,255.15",08434605170190010
2026-04-20T11:28:09,NEW,502025CA007669XXXAMB,05/13/2026 10:00 AM ET,"4548 BANGOR AVE 11 WEST PALM BEACH, FL- 33417","$9,936.82",,"$9,936.82",00424312120000110
2026-04-20T11:28:09,NEW,502025CA008235XXXAMB,05/13/2026 10:00 AM ET,"9105 EQUUS CIR BOYNTON BEACH, FL- 33472","$19,471.50",,"$19,471.50",00424518080000410
2026-04-20T11:28:09,NEW,502019CA015364XXXXMB,05/14/2026 10:00 AM ET,"1474 13TH ST WEST PALM BEACH, FL- 33401","$229,843.08",,"$229,843.08",74434309070360320
2026-04-20T11:28:09,NEW,502024CA011171XXXAMB,05/14/2026 10:00 AM ET,"15920 46TH LANE S WELLINGTON, FL- 33414","$2,411,085.60",,"$2,411,085.60",Property
2026-04-20T11:28:09,NEW,502025CA005319XXXAMB,05/14/2026 10:00 AM ET,"7830 STIRLING BRIDGE BLVD S DELRAY BEACH, FL- 33446","$17,403.61",,"$17,403.61",Property
2026-04-20T11:28:09,NEW,502025CA005983XXXAMB,05/14/2026 10:00 AM ET,"7558 GREENVILLE CIR LAKE WORTH, FL- 33467","$164,264.21",,"$164,264.21",00424504180010840
2026-04-20T11:28:09,NEW,502023CA000502XXXXMB,05/18/2026 10:00 AM ET,"14772 ORANGE BLVD LOXAHATCHEE, FL- 33470","$689,258.82",,"$689,258.82",00414232000003080
2026-04-20T11:28:09,NEW,502024CA003565XXXAMB,05/18/2026 10:00 AM ET,"7187 VILLAMAR WAY LAKE WORTH, FL- 33463","$562,182.78",,"$562,182.78",00424512360001910
2026-04-20T11:28:09,NEW,502024CA012258XXXAMB,05/18/2026 10:00 AM ET,"1822 N N ST LAKE WORTH, FL- 33460","$500,225.77",,"$500,225.77",38434415160060040
2026-04-20T11:28:09,NEW,502025CA001116XXXAMB,05/18/2026 10:00 AM ET,"8484 GRAND PRIX LN BOYNTON BEACH, FL- 33472","$1,447,834.17",,"$1,447,834.17",00424517100001760
2026-04-20T11:28:09,NEW,502025CA004167XXXAMB,05/18/2026 10:00 AM ET,"3450 S OCEAN BLVD 6150 PALM BEACH, FL- 33480","$42,567,324.83",,"$94,918.98",MULTIPLE
2026-04-20T11:28:09,NEW,502025CA007722XXXAMB,05/18/2026 10:00 AM ET,"219 N L ST 100 LAKE WORTH BEACH, FL- 33460","$286,535.77",,"$286,535.77",38434422380000010
2026-04-20T11:28:09,NEW,502025CA008732XXXAMB,05/18/2026 10:00 AM ET,"6215 EATON ST WEST PALM BEACH, FL- 33411","$405,233.49",,"$405,233.49",74424315050003230
2026-04-20T11:28:09,NEW,502025CA009085XXXAMB,05/18/2026 10:00 AM ET,"5305 CLEVELAND RD DELRAY BEACH, FL- 33484","$467,869.31",,"$467,869.31",00424623030007791
2026-04-20T11:28:09,NEW,502025CA010372XXXAMB,05/18/2026 10:00 AM ET,"519 N J ST 1 LAKE WORTH, FL- 33460","$169,122.07",,"$169,122.07",38434421151500230
2026-04-20T11:28:09,NEW,502022CA000642XXXXMB,05/19/2026 10:00 AM ET,"18238 COVINA WAY BOCA RATON, FL- 33498","$457,712.36",,"$457,712.36",00414701190000670
2026-04-20T11:28:09,NEW,502022CA005724XXXXMB,05/20/2026 10:00 AM ET,"6069 HELICONIA RD DELRAY BEACH, FL- 33484","$190,065.65",,"$190,065.65",00424622240042080
2026-04-20T11:28:09,NEW,502023CA009400XXXXMB,05/20/2026 10:00 AM ET,"777 CARISSA DR ROYAL PALM BEACH, FL- 33411","$423,945.60",,"$423,945.60",72414335020070010
2026-04-20T11:28:09,NEW,502023CA011181XXXXMB,05/20/2026 10:00 AM ET,"10766 VERSAILLES BLVD WELLINGTON, FL- 33449","$1,009,744.72",,"$1,009,744.72",73414424050002840
2026-04-20T11:28:09,NEW,502024CA001636XXXAMB,05/26/2026 10:00 AM ET,"90 SOUTH BLVD 1D BOYNTON BEACH, FL- 33435","$56,506.92",,"$56,506.92",08434533150900040
2026-04-20T11:28:09,NEW,502025CA003452XXXAMB,05/26/2026 10:00 AM ET,"1717 FOREST LAKES CIR C WEST PALM BEACH, FL- 33406","$133,600.46",,"$133,600.46",00424412220002910
2026-04-20T11:28:09,NEW,502025CA004217XXXAMB,05/26/2026 10:00 AM ET,"5454 FIRENZE DR H BOYNTON BEACH, FL- 33437","$344,300.18",,"$200,000.00",00424523090052608
2026-04-20T11:28:09,NEW,502025CA007268XXXAMB,05/26/2026 10:00 AM ET,"8 MEADOWS PARK LN BOYNTON BEACH, FL- 33436","$205,253.30",,"$205,253.30",08434507100000080
2026-04-20T11:28:09,NEW,502025CA007886XXXAMB,05/26/2026 10:00 AM ET,"18 AMHERST CT D ROYAL PALM BEACH, FL- 33411","$396,576.87",,"$396,576.87",72414323080000184
2026-04-20T11:28:09,NEW,502025CA008814XXXAMB,05/26/2026 10:00 AM ET,"10655 SHORE DR BOCA RATON, FL- 33428","$55,072.55",,"$55,072.55",00414725020003120
2026-04-20T11:28:09,NEW,502025CA009871XXXAMB,05/26/2026 10:00 AM ET,"608 SE 2ND AVE DELRAY BEACH, FL- 33483","$751,576.32",,"$751,576.32",12434621010070390
2026-04-20T11:28:09,NEW,502025CA011684XXXAMB,05/26/2026 10:00 AM ET,"468 NORMANDY J DELRAY BEACH, FL- 33484","$104,595.90",,"$104,595.90",00424622130104680
2026-04-20T11:28:09,NEW,502025CC011501XXXAMB,05/26/2026 10:00 AM ET,"689 NE 6TH CT 4060 BOYNTON BEACH, FL- 33435","$39,092.74",,"$39,092.74",08434522170024060
2026-04-20T11:28:09,NEW,502025CC018210XXXAMB,05/26/2026 10:00 AM ET,"1015 GREEN PINE BLVD A3 WEST PALM BEACH, FL- 33409","$26,268.16",,"$26,268.16",74424313080150013
2026-04-20T11:28:09,NEW,502024CA012038XXXAMB,05/27/2026 10:00 AM ET,"16318 SEA TURTLE PL WESTLAKE, FL- 33470","$8,622.05",,"$8,622.05",77404312140001460
2026-04-20T11:28:09,NEW,502022CA006726XXXXMB,05/28/2026 10:00 AM ET,"6105 SEVEN SPRINGS BLVD GREENACRES, FL- 33463","$89,593.50",,"$89,593.50",18424422450000362
2026-04-20T11:28:09,NEW,502024CA001652XXXAMB,05/28/2026 10:00 AM ET,"5260 DEERHURST CRESCENT CIR BOCA RATON, FL- 33486","$530,644.97",,"$530,644.97",06424735090020150
2026-04-20T11:28:09,NEW,502025CA000563XXXAMB,05/28/2026 10:00 AM ET,"550 OKEECHOBEE BLVD UNIT 1103 WEST PALM BEACH, FL- 33401","$390,028.16",,"$390,028.16",74434328340001103
2026-04-20T11:28:09,NEW,502025CA003035XXXAMB,05/28/2026 10:00 AM ET,"8293 BERMUDA SOUND WAY BOYNTON BEACH, FL- 33436","$261,860.53",,"$261,860.53",08424513150002930
2026-04-20T11:28:09,NEW,502025CA005256XXXAMB,05/28/2026 10:00 AM ET,"5940 PINEY CT GREENACRES, FL- 33463","$403,894.12",,"$403,894.12",18424426040000180
2026-04-20T11:28:09,NEW,502025CA011533XXXAMB,05/28/2026 10:00 AM ET,"4200 PALM BAY CIR D WEST PALM BEACH, FL- 33406","$9,731.90",,"$9,731.90",00424401250000544
2026-04-20T11:28:09,NEW,502023CA008578XXXXMB,06/01/2026 10:00 AM ET,"300 OCEAN TRAIL WAY 103 JUPITER, FL- 33477","$445,376.63",,"$445,376.63",30434105120030103
2026-04-20T11:28:09,NEW,502025CA000159XXXAMB,06/01/2026 10:00 AM ET,"3814 GREENWOOD AVE WEST PALM BEACH, FL- 33407","$28,575.54",,"$28,575.54",74434309050560190
2026-04-20T11:28:09,NEW,502025CA001846XXXAMB,06/01/2026 10:00 AM ET,"8311 WATERWAY DR LAKE CLARKE SHORES, FL- 33406","$247,583.84",,$0.00,Property
2026-04-20T11:28:09,NEW,502025CA003440XXXAMB,06/01/2026 10:00 AM ET,"11804 WIMBLEDON CIRCLE WELLINGTON, FL- 33414","$3,444,831.64",,"$15,132.45",Property
2026-04-20T11:28:09,NEW,502025CA007649XXXAMB,06/03/2026 10:00 AM ET,"4005 ROCKS POINT PL RIVIERA BEACH, FL- 33407","$17,692.22",,"$17,692.22",56424236360001130
2026-04-20T11:28:09,NEW,502023CA013385XXXAMB,06/08/2026 10:00 AM ET,"301 SW 9TH AVE BOYNTON BEACH, FL- 33435","$511,697.44",,"$511,697.44",08434528220080450
2026-04-20T11:28:09,NEW,502024CA009569XXXAMB,06/08/2026 10:00 AM ET,"17928 36TH CT N LOXAHATCHEE, FL- 33470","$654,381.77",,"$654,381.77",00404314000004060
2026-04-20T11:28:09,NEW,502025CA001565XXXAMB,06/08/2026 10:00 AM ET,"3155 NW 9TH ST DELRAY BEACH, FL- 33445","$434,334.26",,"$209,600.59",Property
2026-04-20T11:28:09,NEW,502025CA010910XXXAMB,06/08/2026 10:00 AM ET,"1274 TANGLED ORCHARD TRCE LOXAHATCHEE, FL- 33470","$579,282.20",,"$579,282.20",00404327050000930
2026-04-20T11:28:09,NEW,502025CA011836XXXAMB,06/08/2026 10:00 AM ET,"15484 LAKES OF DELRAY BLVD 206 DELRAY BEACH, FL- 33484","$17,057.81",,"$17,057.81",00424623280012060
2026-04-20T11:28:09,NEW,502025CA012355XXXAMB,06/08/2026 10:00 AM ET,"1064 SIENA OAKS CIR E PALM BEACH GARDENS, FL- 33410","$285,042.80",,"$285,042.80",52434207280000640
2026-04-20T11:28:09,NEW,502024CA005741XXXAMB,06/09/2026 10:00 AM ET,"285 TUSCANY E DELRAY BEACH, FL- 33446","$234,990.56",,"$234,990.56",00424622050042850
2026-04-20T11:28:09,NEW,502025CA001875XXXAMB,06/09/2026 10:00 AM ET,"5800 FERNLEY DR W 53 WEST PALM BEACH, FL- 33415","$144,640.16",,"$144,640.16",00424414560000530
2026-04-20T11:28:09,NEW,502025CA001925XXXAMB,06/09/2026 10:00 AM ET,"5600 N FLAGLER DR 2703 WEST PALM BEACH, FL- 33407","$99,049.51",,"$99,049.51",74434304250012703
2026-04-20T11:28:09,NEW,502025CA005825XXXAMB,06/09/2026 10:00 AM ET,"11889 OSPREY POINTE CIR WELLINGTON, FL- 33449","$669,471.79",,"$669,471.79",73414426040000360
2026-04-20T11:28:09,NEW,502025CA005826XXXAMB,06/09/2026 10:00 AM ET,"11889 OSPREY POINTE CIR WELLINGTON, FL- 33449","$669,471.79",,"$669,471.79",73414426040000360
2026-04-20T11:28:09,NEW,502025CA007657XXXAMB,06/09/2026 10:00 AM ET,"769 DAFFODIL DR WELLINGTON, FL- 33414","$278,250.56",,"$278,250.56",73414404010050150
2026-04-20T11:28:09,NEW,502025CA007691XXXAMB,06/09/2026 10:00 AM ET,"505 SPENCER DR 307 WEST PALM BEACH, FL- 33409","$46,097.31",,"$46,097.31",74434319140003070
2026-04-20T11:28:09,NEW,502025CA008769XXXAMB,06/09/2026 10:00 AM ET,"7032 CHESAPEAKE CIR BOYNTON BEACH, FL- 33436","$557,828.50",,"$557,828.50",08434507170002830
2026-04-20T11:28:09,NEW,502025CA010701XXXAMB,06/09/2026 10:00 AM ET,"9436 LAGO DR BOYNTON BEACH, FL- 33472","$70,592.05",,"$70,592.05",00424518050000320
2026-04-20T11:28:09,NEW,502024CA011064XXXAMB,06/10/2026 10:00 AM ET,"1585 W 36TH ST RIVIERA BEACH, FL- 33404","$60,838.34",,"$60,838.34",56434229020060010
2026-04-20T11:28:09,NEW,502024CA011410XXXAMB,06/10/2026 10:00 AM ET,"196 BANDOL ST RIVIERA BEACH, FL- 33404","$8,589.51",,"$8,589.51",56434228700000010
2026-04-20T11:28:09,NEW,502024CC000801XXXAMB,06/10/2026 10:00 AM ET,"9413 BOCA GARDENS CIR S B BOCA RATON, FL- 33496","$42,659.47",,"$42,659.47",00424706050970020
2026-04-20T11:28:09,NEW,502025CA010880XXXAMB,06/10/2026 10:00 AM ET,"58 VIA DE CASAS NORTE BOYNTON BEACH, FL- 33426","$14,824.46","$205,000.00","$14,824.46",08434517030150580
2026-04-20T11:28:09,NEW,502025CA002363XXXAMB,06/11/2026 10:00 AM ET,"2551 CANTERBURY DR S RIVIERA BEACH, FL- 33407","$294,828.09",,"$294,828.09",56424236060000370
2026-04-20T11:28:09,NEW,502025CA003522XXXAMB,06/11/2026 10:00 AM ET,"7286 HUNTINGTON LN 204 DELRAY BEACH, FL- 33446","$392,391.44","$146,185.00","$40,439.66",Property
2026-04-20T11:28:09,NEW,502025CA005317XXXAMB,06/11/2026 10:00 AM ET,"4414 HEMLOCK DR RIVIERA BEACH, FL- 33410","$340,587.12",,"$340,587.12",56424225440000270
2026-04-20T11:28:09,NEW,502025CA005588XXXAMB,06/11/2026 10:00 AM ET,"828 QUARTZ TER WEST PALM BEACH, FL- 33413","$450,618.53",,"$450,618.53",00424335270000180
2026-04-20T11:28:09,NEW,502025CA006006XXXAMB,06/11/2026 10:00 AM ET,"755 DATE PALM DR LAKE PARK, FL- 33403","$363,414.36",,"$363,414.36",36434220010550250
2026-04-20T11:28:09,NEW,502025CA007311XXXAMB,06/11/2026 10:00 AM ET,"327 N H ST LAKE WORTH, FL- 33460","$202,109.65",,"$202,109.65",38434421150820190
2026-04-20T11:28:09,NEW,502025CA000880XXXAMB,06/15/2026 10:00 AM ET,"9 ATRIUM CIR A LAKE WORTH, FL- 33462","$190,464.56",,"$43,640.87",Property
2026-04-20T11:28:09,NEW,502025CA003910XXXAMB,06/15/2026 10:00 AM ET,"501 SANDPIPER WAY BOCA RATON, FL- 33431","$1,764,000.00",,"$1,764,000.00",06434708220001030
2026-04-20T11:28:09,NEW,502025CA004380XXXAMB,06/15/2026 10:00 AM ET,"3515 VILLAGE BLVD 105 WEST PALM BEACH, FL- 33409","$6,406.17",,"$267,598.72",Property
2026-04-20T11:28:09,NEW,502025CA000480XXXAMB,06/17/2026 10:00 AM ET,"93 SAXONY B DELRAY BEACH, FL- 33446","$35,603.95",,"$35,603.95",00424622090020930
2026-04-20T11:28:09,NEW,502025CC011253XXXAMB,06/17/2026 10:00 AM ET,"2811 S GARDEN DR 205 LAKE WORTH, FL- 33461","$29,168.35",,"$29,168.35",00434417490002050
2026-04-20T11:28:09,NEW,502025CA011567XXXAMB,06/22/2026 10:00 AM ET,"17711 FOXWOOD WAY BOCA RATON, FL- 33487","$370,746.57",,"$370,746.57",00424636040180100
2026-04-20T11:28:09,NEW,502025CC011255XXXAMB,06/24/2026 10:00 AM ET,"2615 N GARDEN DR 109 LAKE WORTH, FL- 33461","$39,872.10",,"$39,872.10",00434417300001090
2026-04-20T11:28:09,NEW,502025CA003818XXXAMB,06/25/2026 10:00 AM ET,"117 KINGSWOOD II F 1170 # 10 WEST PALM BEACH, FL- 33417","$92,535.91",,"$6,252,026.00",Property
2026-04-20T11:28:09,NEW,502025CA006240XXXAMB,06/25/2026 10:00 AM ET,"790 PALM TREE LN HAVERHILL, FL- 33415","$421,601.55",,"$421,601.55",22424336270000140
2026-04-20T11:28:09,NEW,502025CA009993XXXAMB,06/25/2026 10:00 AM ET,"518 GARDENIA TER DELRAY BEACH, FL- 33444","$1,888,042.06","$1,270,201.00",Hidden,12434608190040110
2026-04-20T11:28:09,NEW,502025CA004771XXXAMB,06/29/2026 10:00 AM ET,"2791 VILLAGE BLVD 104 WEST PALM BEACH, FL- 33409","$117,727.77",,"$117,727.77",74434307070081040
2026-04-20T11:28:09,NEW,502025CC010048XXXAMB,06/29/2026 10:00 AM ET,"1151 SEPIA LN LAKE WORTH, FL- 33461","$14,245.48",,"$14,245.48",38434420360000210
2026-04-20T11:28:09,NEW,502023CA010036XXXXMB,07/02/2026 10:00 AM ET,"7065 CATALINA ISLE DR LAKE WORTH, FL- 33467","$398,278.49","$561,306.00","$398,278.49",00424509100000120
2026-04-20T11:28:09,NEW,502024CC012528XXXAMB,07/06/2026 10:00 AM ET,"5315 10TH FAIRWAY DR 2 DELRAY BEACH, FL- 33484","$65,335.04",,"$65,335.04",00424626140020020
2026-04-20T11:28:09,NEW,502025CA008709XXXAMB,07/06/2026 10:00 AM ET,"2625 WEST WAY RIVIERA BEACH, FL- 33404","$523,265.56",,"$523,265.56",56434227040005140
2026-04-20T11:28:09,NEW,502025CA001688XXXAMB,07/07/2026 10:00 AM ET,"1331 PEBBLE RIDGE LN WEST PALM BEACH, FL- 33411","$67,722.02",,"$67,722.02",00424407010000190
2026-04-20T11:28:09,NEW,502025CA007261XXXAMB,07/07/2026 10:00 AM ET,"300 S AUSTRALIAN AVE 611 WEST PALM BEACH, FL- 33401","$40,620.77",,"$40,620.77",74434321260000611
2026-04-20T11:28:09,NEW,502025CA007679XXXAMB,07/07/2026 10:00 AM ET,"1754 PIERSIDE CIR WELLINGTON, FL- 33414","$15,840.23",,"$15,840.23",73414410260000190
2026-04-20T11:28:09,NEW,502025CA001709XXXAMB,07/09/2026 10:00 AM ET,"3664 ALDER DR F1 WEST PALM BEACH, FL- 33417","$250,630.97",,"$250,630.97",00424313121230061
2026-04-20T11:28:09,NEW,502025CA002811XXXAMB,07/09/2026 10:00 AM ET,"2820 TENNIS CLUB DR 205 WEST PALM BEACH, FL- 33417","$27,226.32",,"$27,226.32",00424324160012080
2026-04-20T11:28:09,NEW,502025CA005722XXXAMB,07/09/2026 10:00 AM ET,"207 ANHINGA LN JUPITER, FL- 33458","$89,261.70",,"$89,261.70",30424115020000130
2026-04-20T11:28:09,NEW,502025CA008552XXXAMB,07/09/2026 10:00 AM ET,"3997 ISLAND CLUB DR LAKE WORTH, FL- 33462","$297,029.17",,"$297,029.17",00434439020000390
2026-04-20T11:28:09,NEW,502024CA003222XXXAMB,07/13/2026 10:00 AM ET,"1015 NE 3RD ST BELLE GLADE, FL- 33430","$207,254.40",,"$207,254.40",04374332160000060
2026-04-20T11:28:09,NEW,502025CA007181XXXAMB,07/13/2026 10:00 AM ET,"625 FLANDERS N DELRAY BEACH, FL- 33484","$157,472.43",,"$157,472.43",00424622100146250
2026-04-20T11:28:09,NEW,502025CA008794XXXAMB,07/15/2026 10:00 AM ET,"10960 STAFFORD CIR S BOYNTON BEACH, FL- 33436","$14,135.77",,"$14,135.77",00424525110001040
2026-04-20T11:28:09,NEW,502025CA010811XXXAMB,07/22/2026 10:00 AM ET,"6198 RIVERWALK LN 1 JUPITER, FL- 33458","$69,388.67",,"$69,388.67",30424103200430010
2026-04-20T11:28:09,NEW,502025CA004084XXXAMB,07/23/2026 10:00 AM ET,"6461 NW 2ND AVE 4110 BOCA RATON, FL- 33487","$186,804.08",,"$186,804.08",06434705140004110
2026-04-20T11:28:09,NEW,502025CA008521XXXAMB,07/23/2026 10:00 AM ET,"10150 YEOMAN LN ROYAL PALM BEACH, FL- 33411","$151,207.01",,"$151,207.01",72414325060004950
2026-04-20T11:28:09,NEW,502024CA007243XXXAMB,07/27/2026 10:00 AM ET,"506 W 1ST ST RIVIERA BEACH, FL- 33404","$244,646.71",,"$244,646.71",56434233110002110
2026-04-20T11:28:09,NEW,502025CA001820XXXAMB,07/27/2026 10:00 AM ET,"402 NE 10TH TER BOCA RATON, FL- 33432","$360,876.01",,"$360,876.01",Property
2026-04-20T11:28:09,NEW,502025CA011098XXXAMB,07/28/2026 10:00 AM ET,"516 OSPREY DR 15-A DELRAY BEACH, FL- 33444","$100,035.07",,"$100,035.07",12434629130030151
2026-04-20T11:28:09,NEW,502025CC014766XXXAMB,08/04/2026 10:00 AM ET,"6162 BAY ISLES DR BOYNTON BEACH, FL- 33437","$13,917.41",,"$13,917.41",00424603020001090
2026-04-20T11:28:09,NEW,502025CA005726XXXAMB,08/06/2026 10:00 AM ET,"1261 W 3RD ST RIVIERA BEACH, FL- 33404","$54,454.12",,"$54,454.12",56434232090007160
2026-04-20T11:28:09,NEW,502025CA008442XXXAMB,08/06/2026 10:00 AM ET,"18020 46TH COURT NORTH LOXAHATCHEE, FL- 33470","$331,131.02",,"$331,131.02",Property
2026-04-20T11:28:09,NEW,502025CA003333XXXAMB,08/10/2026 10:00 AM ET,"902 S SEACREST BLVD BOYNTON BEACH, FL- 33435","$687,541.07",,"$687,541.07",08434528120200110
2026-04-20T11:28:09,NEW,502025CA005366XXXAMB,08/10/2026 10:00 AM ET,"760 E OCEAN AVE 203 BOYNTON BEACH, FL- 33435","$277,553.67",,"$277,553.67",08434527450032030
2026-04-20T11:28:09,NEW,502025CA000861XXXAMB,08/24/2026 10:00 AM ET,"618 GARDENIA TER DELRAY BEACH, FL- 33444","$532,655.84",,"$532,655.84",12434608190010080
2026-04-20T11:28:09,NEW,502025CA008509XXXAMB,08/26/2026 10:00 AM ET,"16298 90TH ST N LOXAHATCHEE, FL- 33470","$582,791.10",,"$582,791.10",00404213000006120
2026-04-20T11:28:09,NEW,502025CA001782XXXAMB,09/08/2026 10:00 AM ET,"2513 NW 4TH CT BOYNTON BEACH, FL- 33426","$194,133.00",,"$194,133.00",08434516370190070
2026-04-20T11:28:09,NEW,502025CA010082XXXAMB,09/08/2026 10:00 AM ET,"13651 EXOTICA LN WELLINGTON, FL- 33414","$367,313.92",,"$367,313.92",73414404010480010
2026-04-21T14:35:14,NEW,502024CA001029XXXAMB,05/11/2026 10:00 AM ET,"1408 LAKE BASS DR LAKE WORTH, FL- 33461","$295,863.53",,"$295,863.53",00434432050170270
2026-04-21T14:35:14,NEW,502025CA001412XXXAMB,05/11/2026 10:00 AM ET,"6 GREENWAY VILLAGE N 105 ROYAL PALM BEACH, FL- 33411","$195,038.66",,"$195,038.66",72414326060061050
2026-04-21T14:35:14,NEW,502025CA013156XXXAMB,05/20/2026 10:00 AM ET,"18428 VIA DI VERONA BOCA RATON, FL- 33496","$310,605.24",,"$310,605.24",00424705240001310
2026-04-21T14:35:14,NEW,502024CA009457XXXAMB,05/21/2026 10:00 AM ET,"560 BETHANY LN HAVERHILL, FL- 33415","$905,648.08",,"$905,648.08",22424335050250030
2026-04-21T14:35:14,NEW,502025CC017271XXXASB,05/21/2026 10:00 AM ET,"7061 DUBONNET DR BOCA RATON, FL- 33433","$50,236.25",,"$50,236.25",00424721280000500
2026-04-21T14:35:14,NEW,502025CA003364XXXAMB,06/01/2026 10:00 AM ET,"8311 WATERWAY DR LAKE CLARKE SHORES, FL- 33406",$0.00,,$0.00,34434417180000120
2026-04-21T14:35:14,CLOSED,502025CA007509XXXAMB,04/21/2026 10:00 AM ET,"4846 POND PINE WAY GREENACRES, FL- 33463","$365,027.63",,Hidden,18424426280000350
2026-04-21T14:35:14,CLOSED,502025CC017384XXXASB,04/21/2026 10:00 AM ET,"6 WESTGATE LN 6B BOYNTON BEACH, FL- 33436","$37,002.63",,"$37,002.63",08424601150000062
2026-04-21T14:35:14,CLOSED,502025CA004500XXXAMB,05/11/2026 10:00 AM ET,"8861 ECHO LN BOCA RATON, FL- 33496","$284,815.52",,"$284,815.52",00424705070450030
2026-04-21T14:35:14,CLOSED,502025CA005256XXXAMB,05/28/2026 10:00 AM ET,"5940 PINEY CT GREENACRES, FL- 33463","$403,894.12",,"$403,894.12",18424426040000180
2026-04-22T02:52:32,NEW,502025CA004474XXXAMB,04/27/2026 10:00 AM ET,"614 EXECUTIVE CENTER DR 208 WEST PALM BEACH, FL- 33401","$224,900.51",,Hidden,74434320056142080
2026-04-22T02:52:32,CLOSED,502023CA012517XXXXMB,04/27/2026 10:00 AM ET,"17146 87TH LN N LOXAHATCHEE, FL- 33470","$364,936.14",,"$364,936.14",00404223000001760
2026-04-23T02:52:18,NEW,502025CA006085XXXAMB,05/27/2026 10:00 AM ET,"62 WILLOW CIR BOYNTON BEACH, FL- 33436","$462,785.19",,"$462,785.19",08434530200000620
2026-04-23T02:52:18,NEW,502023CA010360XXXXMB,06/01/2026 10:00 AM ET,"6896 140TH AVE N WEST PALM BEACH, FL- 33412","$215,269.77",,"$215,269.77",00414233000003200
2026-04-23T02:52:18,NEW,502025CA005033XXXAMB,06/01/2026 10:00 AM ET,"11804 WIMBLEDON CIRCLE WELLINGTON, FL- 33414","$15,132.45",,"$15,132.45",Property
2026-04-23T02:52:18,NEW,502025CA004914XXXAMB,06/02/2026 10:00 AM ET,"194 MASTIC TREE CT ROYAL PALM BEACH, FL- 33411","$15,169.23",,"$15,169.23",72414326210001940
2026-04-23T02:52:18,NEW,502025CA003819XXXAMB,06/08/2026 10:00 AM ET,"3155 NW 9TH ST DELRAY BEACH, FL- 33445","$209,600.59",,"$209,600.59",12434607150090040
2026-04-23T02:52:18,NEW,502025CA003617XXXAMB,06/15/2026 10:00 AM ET,"9 ATRIUM CIR A LAKE WORTH, FL- 33462","$43,640.87",,"$43,640.87",02434431260090010
2026-04-23T02:52:18,NEW,502025CA011381XXXAMB,06/15/2026 10:00 AM ET,"1135 22ND STREET WEST PALM BEACH, FL- 33407","$233,146.10",,"$233,146.10",Property
2026-04-23T02:52:18,NEW,502025CA012197XXXAMB,06/15/2026 10:00 AM ET,"3515 VILLAGE BLVD 105 WEST PALM BEACH, FL- 33409","$267,598.72",,"$267,598.72",74434307070031050
2026-04-23T02:52:18,NEW,502023CA012517XXXXMB,06/22/2026 10:00 AM ET,"17711 FOXWOOD WAY BOCA RATON, FL- 33487","$364,936.14",,"$370,746.57",Property
2026-04-23T02:52:18,CLOSED,502024CA010879XXXAMB,04/22/2026 10:00 AM ET,"8 PRESTON A BOCA RATON, FL- 33434","$100,000.00",,"$126,600.00",00424708130010080
2026-04-23T02:52:18,CLOSED,502025CA002801XXXAMB,04/22/2026 10:00 AM ET,"99 SE MIZNER BLVD APT 627 BOCA RATON, FL- 33432","$284,487.68",,"$287,573.00",06434729560066270
2026-04-23T02:52:18,CLOSED,502025CA006511XXXAMB,04/22/2026 10:00 AM ET,"8374 ZANZIBAR LN WELLINGTON, FL- 33414","$166,403.17",,"$172,646.98",73424417050006050
2026-04-23T02:52:18,CLOSED,502025CA011567XXXAMB,06/22/2026 10:00 AM ET,"17711 FOXWOOD WAY BOCA RATON, FL- 33487","$370,746.57",,"$370,746.57",00424636040180100
2026-04-24T02:52:10,NEW,502025CA007746XXXAMB,04/27/2026 10:00 AM ET,"9826 SANDY RUN JUPITER, FL- 33478","$306,885.91",,"$306,885.91",00424118000003800
2026-04-24T02:52:10,NEW,502017CA010903XXXXMB,05/21/2026 10:00 AM ET,"3641 CHESAPEAKE CT WELLINGTON, FL- 33414","$35,934.30","$472,560.00","$35,934.30",73414423080000470
2026-04-24T02:52:10,NEW,502025CC017204XXXAMB,06/08/2026 10:00 AM ET,"866 NW 25TH AVE DELRAY BEACH, FL- 33445","$19,038.18",,"$19,038.18",12434607030040090
2026-04-24T02:52:10,NEW,502024CA011554XXXAMB,06/16/2026 10:00 AM ET,"2313 N CONGRESS AVE APT 23 BOYNTON BEACH, FL- 33426","$126,859.95",,"$126,859.95",08434518220060230
2026-04-24T02:52:10,NEW,502025CA011567XXXAMB,06/22/2026 10:00 AM ET,"17711 FOXWOOD WAY BOCA RATON, FL- 33487","$370,746.57",,"$370,746.57",00424636040180100
2026-04-24T02:52:10,NEW,502025CC000520XXXAMB,06/22/2026 10:00 AM ET,"8824 COBBLESTONE POINT CIR BOYNTON BEACH, FL- 33472","$14,248.95",,"$14,248.95",00424520050010210
2026-04-24T02:52:10,NEW,502025CC004930XXXASB,06/22/2026 10:00 AM ET,"150 VALENCIA G DELRAY BEACH, FL- 33446","$27,589.79",,"$27,589.79",00424622060071500
2026-04-24T02:52:10,NEW,502025CC019696XXXAMB,06/22/2026 10:00 AM ET,"233 SARATOGA BLVD E ROYAL PALM BEACH, FL- 33411","$8,059.30",,"$8,059.30",72414315070130530
2026-04-24T02:52:10,NEW,502025CA011510XXXAMB,08/17/2026 10:00 AM ET,"703 LOCHWICK TER PALM BEACH GARDENS, FL- LF 33418","$13,666.37",,"$13,666.37",52424210100030110
2026-04-24T02:52:10,CLOSED,502025CA003509XXXAMB,04/23/2026 10:00 AM ET,"5270 NESTING WAY B DELRAY BEACH, FL- 33484","$123,251.87",,Hidden,00424611183620020
2026-04-24T02:52:10,CLOSED,502025CA007750XXXAMB,04/23/2026 10:00 AM ET,"316 DORSET H BOCA RATON, FL- 33434","$16,630.88",,"$16,630.88",00424708080083160
2026-04-24T02:52:10,CLOSED,502025CA012074XXXAMB,04/23/2026 10:00 AM ET,"10189 LEXINGTON LAKES BLVD N BOYNTON BEACH, FL- 33436","$298,543.94",,Hidden,00434530220001300
2026-04-24T02:52:10,CLOSED,502016CA010350XXXXMB,04/27/2026 10:00 AM ET,"285 NW 35TH ST BOCA RATON, FL- 33431","$617,992.03",,"$617,992.03",06434707020230060
2026-04-27T02:52:12,NEW,502025CA008013XXXAMB,04/27/2026 10:00 AM ET,"1034 GROVE PARK CIR BOYNTON BEACH, FL- 33436","$635,227.78",,Hidden,08424512260000520
2026-04-27T02:52:12,NEW,502025CA008071XXXAMB,04/27/2026 10:00 AM ET,"4513 BLUE PINE CIR LAKE WORTH, FL- 33463","$261,530.19",,Hidden,00424501040000010
2026-04-27T02:52:12,NEW,502025CA008229XXXAMB,04/27/2026 10:00 AM ET,"719 SW 18TH ST BOYNTON BEACH, FL- 33426","$369,399.38",,Hidden,08434529180510300
2026-04-27T02:52:12,NEW,502025CA009262XXXAMB,04/27/2026 10:00 AM ET,"9343 TANGO TER BOCA RATON, FL- 33496","$573,389.57",,Hidden,00424706130000650
2026-04-27T02:52:12,NEW,502025CA002671XXXAMB,05/26/2026 10:00 AM ET,"8017 ABERDEEN DR 201 BOYNTON BEACH, FL- 33472","$25,326.92","$121,500.00","$25,326.92",00424515090082010
2026-04-27T02:52:12,NEW,502025CA007735XXXAMB,05/27/2026 10:00 AM ET,"4725 LUCERNE LAKES BLVD EAST # LAKE WORTH, FL- 33467","$15,799.90",,"$15,799.90",Property
2026-04-27T02:52:12,CLOSED,502023CA011632XXXXMB,04/27/2026 10:00 AM ET,"10596 VERSAILLES BLVD WELLINGTON, FL- 33449","$882,652.40",,"$882,652.40",73414424050003320
2026-04-27T02:52:12,CLOSED,502023CA014862XXXAMB,04/27/2026 10:00 AM ET,"118 VILLA CIR BOYNTON BEACH, FL- 33435","$171,582.37",,"$171,582.37",08434533560011180
2026-04-27T02:52:12,CLOSED,502024CA000461XXXAMB,04/27/2026 10:00 AM ET,"10898 LAKE WYNDS CT BOYNTON BEACH, FL- 33437","$599,969.90",,Hidden,00424527150000360
2026-04-27T02:52:12,CLOSED,502024CA009529XXXAMB,04/27/2026 10:00 AM ET,"1611 16TH TERRACE PALM BEACH GARDEN, FL- 33418","$229,529.96",,"$229,529.96",Property
2026-04-27T02:52:12,CLOSED,502025CC010441XXXASB,04/30/2026 10:00 AM ET,"15979 MATARO BAY CT DELRAY BEACH, FL- 33446","$31,004.55",,"$31,004.55",00424619070000080
2026-04-27T02:52:12,CLOSED,502025CA010996XXXAMB,05/07/2026 10:00 AM ET,"16892 HAMLIN BLVD LOXAHATCHEE, FL- 33470","$584,561.87",,"$584,561.87",00404224000003110
2026-04-27T02:52:12,CLOSED,502025CC018210XXXAMB,05/26/2026 10:00 AM ET,"1015 GREEN PINE BLVD A3 WEST PALM BEACH, FL- 33409","$26,268.16",,"$26,268.16",74424313080150013
2026-04-28T02:52:33,NEW,502025CA008182XXXAMB,05/26/2026 10:00 AM ET,"3146 VIA POINCIANA 303 LAKE WORTH, FL- 33467","$34,485.02",,"$34,485.02",00424422480063030
2026-04-28T02:52:33,NEW,502024CA007012XXXAMB,05/27/2026 10:00 AM ET,"1809 S CLUB DR WELLINGTON, FL- 33414","$536,854.23",,"$536,854.23",73414407040000080
2026-04-28T02:52:33,NEW,502025CC010441XXXASB,05/29/2026 10:00 AM ET,"15979 MATARO BAY CT DELRAY BEACH, FL- 33446","$31,004.55",,"$31,004.55",00424619070000080
2026-04-28T02:52:33,NEW,502025CA000429XXXAMB,06/08/2026 10:00 AM ET,"5235 EUROPA DR M BOYNTON BEACH, FL- 33437","$18,241.94",,"$18,241.94",00424523140001613
2026-04-28T02:52:33,NEW,502025CA009185XXXAMB,06/22/2026 10:00 AM ET,"1009 SW 3RD AVE BOYNTON BEACH, FL- 33426","$233,168.03",,"$233,168.03",08434529040110130
2026-04-28T02:52:33,NEW,502024CA000461XXXAMB,06/26/2026 10:00 AM ET,"10898 LAKE WYNDS CT BOYNTON BEACH, FL- 33437","$599,969.90",,"$599,969.90",00424527150000360
2026-04-28T02:52:33,NEW,502025CA007512XXXAMB,06/29/2026 10:00 AM ET,"129 COUNTRY CLUB WAY ROYAL PALM BEACH, FL- 33411","$592,195.28",,"$592,195.28",72414323200000150
2026-04-28T02:52:33,NEW,502025CA004575XXXAMB,07/22/2026 10:00 AM ET,"7791 BRIDLINGTON DR BOYNTON BEACH, FL- 33472","$30,250.79",,"$30,250.79",00424516070000650
2026-04-28T02:52:33,NEW,502025CA008124XXXAMB,08/20/2026 10:00 AM ET,"87 PHEASANT RUN BLVD WEST PALM BEACH, FL- 33415","$354,151.21",,"$354,151.21",00424402310001090
2026-04-28T02:52:33,NEW,502025CA012662XXXAMB,08/20/2026 10:00 AM ET,"13052 COMPTON RD LOXAHATCHEE, FL- 33470","$917,051.29",,"$917,051.29",41414317016310010
2026-04-28T02:52:33,NEW,502025CA003966XXXAMB,09/22/2026 10:00 AM ET,"1080 STERLING PINE PLACE LOXAHATCHEE, FL- 33470","$807,448.10",,"$807,448.10",Property
2026-04-28T02:52:33,CLOSED,502018CA005160XXXXMB,04/27/2026 10:00 AM ET,"21800 LITTLE BEAR LN BOCA RATON, FL- 33428","$437,778.46",,"$270,000.00",00414723020000330
2026-04-28T02:52:33,CLOSED,502019CA014939XXXXMB,04/27/2026 10:00 AM ET,"3289 PERIMETER DR GREENACRES, FL- 33467","$195,993.87",,Hidden,18424422270222213
2026-04-28T02:52:33,CLOSED,502024CA007481XXXAMB,04/27/2026 10:00 AM ET,"1654 FOREST LAKES CIR C WEST PALM BEACH, FL- 33406","$51,309.14",,Hidden,00424412220002070
2026-04-28T02:52:33,CLOSED,502024CA008204XXXAMB,04/27/2026 10:00 AM ET,"4102 ARTESA DR BOYNTON BEACH, FL- 33436","$1,006,935.78",,"$908,512.00",00424524270000160
2026-04-28T02:52:33,CLOSED,502025CA004474XXXAMB,04/27/2026 10:00 AM ET,"614 EXECUTIVE CENTER DR 208 WEST PALM BEACH, FL- 33401","$224,900.51",,Hidden,74434320056142080
2026-04-28T02:52:33,CLOSED,502025CA007746XXXAMB,04/27/2026 10:00 AM ET,"9826 SANDY RUN JUPITER, FL- 33478","$306,885.91",,"$306,885.91",00424118000003800
2026-04-28T02:52:33,CLOSED,502025CA008013XXXAMB,04/27/2026 10:00 AM ET,"1034 GROVE PARK CIR BOYNTON BEACH, FL- 33436","$635,227.78",,Hidden,08424512260000520
2026-04-28T02:52:33,CLOSED,502025CA008071XXXAMB,04/27/2026 10:00 AM ET,"4513 BLUE PINE CIR LAKE WORTH, FL- 33463","$261,530.19",,Hidden,00424501040000010
2026-04-28T02:52:33,CLOSED,502025CA008229XXXAMB,04/27/2026 10:00 AM ET,"719 SW 18TH ST BOYNTON BEACH, FL- 33426","$369,399.38",,Hidden,08434529180510300
2026-04-28T02:52:33,CLOSED,502025CA009262XXXAMB,04/27/2026 10:00 AM ET,"9343 TANGO TER BOCA RATON, FL- 33496","$573,389.57",,Hidden,00424706130000650
2026-04-28T02:52:33,CLOSED,502025CA001754XXXAMB,04/28/2026 10:00 AM ET,"230 NW 9TH ST BOCA RATON, FL- 33432","$554,253.94",,"$554,253.94",06434719080040070
2026-04-28T02:52:33,CLOSED,502024CA001406XXXAMB,04/29/2026 10:00 AM ET,"1058 BREAKERS WEST BLVD WEST PALM BEACH, FL- 33411","$1,744,105.96",,Hidden,00424329110000080
2026-04-28T02:52:33,CLOSED,502024CC019028XXXAMB,04/29/2026 10:00 AM ET,"141 W 34TH ST RIVIERA BEACH, FL- 33404","$9,670.35",,"$9,670.35",56434228020000220
2026-04-28T02:52:33,CLOSED,502025CC017746XXXASB,05/05/2026 10:00 AM ET,"6830 CASTLEMAINE AVE BOYNTON BEACH, FL- 33437","$17,681.59",,"$17,681.59",00424533050001440
2026-04-28T02:52:33,CLOSED,502025CC011501XXXAMB,05/26/2026 10:00 AM ET,"689 NE 6TH CT 4060 BOYNTON BEACH, FL- 33435","$39,092.74",,"$39,092.74",08434522170024060
2026-04-28T02:52:33,CLOSED,502025CA011567XXXAMB,06/22/2026 10:00 AM ET,"17711 FOXWOOD WAY BOCA RATON, FL- 33487","$370,746.57",,"$370,746.57",00424636040180100
